code	scientific_name	genome_source	reference_identifier	assembly_name	assembly_accession	genome_fasta_url	genome_fasta_records	genome_sequence_bases	genome_sequence_sha256	mirgenedb_bed_url	source_bed_rows	source_bed_bytes	source_bed_sha256	precursor_bed_rows	precursor_bed_sha256	panel_status
hsa	Homo sapiens	UCSC	GCA_000001405.15	hg38	GCA_000001405.15	https://hgdownload.soe.ucsc.edu/goldenPath/hg38/bigZips/hg38.fa.gz	455	3209286105	5a142066a34d86b05fc3d40d7260f05b677e47ecc2cb8ada5eb44ef4eecc3c23	https://mirgenedb.org/static/data/hsa/hsa-all.bed	5728	280693	6c355351ef55d2fb7c55fa5b3518f32e4432940691d3c9ba1b31891aad73cedd	573	76dbb4827c97161e5a675e4fc94396e8d90ff845ca5af8837705235ea59e6242	strict_exact
mml	Macaca mulatta	NCBI	GCA_003339765.3	GCA_003339765.3_Mmul_10_traces	GCA_003339765.3	https://api.ncbi.nlm.nih.gov/datasets/v2/genome/accession/GCA_003339765.3/download?include_annotation_type=GENOME_FASTA	2944	2971316271	9aa5a92b2d8b06d6c52091c4469f78099c5e925213a06aabdbe5ea7f6eabdcf0	https://mirgenedb.org/static/data/mml/mml-all.bed	5525	301229	eed1299c3f9050c52b4729755f098b3aa52c5c8c4a27965750154eb490096b0f	551	ab95fe4b7487469625e41e460ddecb725f28ced7ad4c8927fcd2e8b38641a29b	supplemented_exact
pab	Pongo abelii	UCSC	GCA_028885655.2	GCA_028885655.2_NHGRI_mPonAbe1-v2.0_traces	GCA_028885655.2	https://hgdownload.soe.ucsc.edu/hubs/GCA/028/885/655/GCA_028885655.2/GCA_028885655.2.fa.gz	33	3259854586	f8f95b99dfe8d1eb92f36ffd6fbfe329dca8c2a93c868b7931fa390abc5951e1	https://mirgenedb.org/static/data/pab/pab-all.bed	5277	287780	6a180b9afb8f77d1cae3b15dad63e05bba18f1bb973d7167f7b69e4975027e76	526	ca6ea451121ce16c237a9f363de4f6aa84c260e2ca93f5dfd89c792498caf4d2	supplemented_exact
xla	Xenopus laevis	UCSC	GCF_001663975.1	GCF_001663975.1_XLA_v2	GCF_001663975.1	https://hgdownload.soe.ucsc.edu/hubs/GCF/001/663/975/GCF_001663975.1/GCF_001663975.1.fa.gz	108033	2718433805	590d50af84a73a68c65e5d128c5c3306e93f1cb2e2ca1d9aa3d35d593719d6a1	https://mirgenedb.org/static/data/xla/xla-all.bed	5052	286777	2219e24bf023292f60d326f4179eb4d3bcab1da56ce036d4f35af3104797a8c6	504	2e6436feeeb4c75d21cae53b77a6e1c5ea990487f4df15daaa4c90633ffe5179	strict_exact
eca	Equus caballus	NCBI	GCA_002863925.1	GCA_002863925.1_EquCab3.0	GCA_002863925.1	https://api.ncbi.nlm.nih.gov/datasets/v2/genome/accession/GCA_002863925.1/download?include_annotation_type=GENOME_FASTA	4700	2506949475	ebc0e65bb9f7e0b8c0dce72411c421c259bedf9639d1b001d62b23ec0e5bd4d9	https://mirgenedb.org/static/data/eca/eca-all.bed	4883	265853	01f52c78b2bbf9fbf7de9bed53245a9b4abab33fca0cc73569fc2826a6cb7bfa	482	c2fd04050ace745a180fc405314b49cc63b9e1dcbfe479caadbd28e3241c32e8	strict_exact
bta	Bos taurus	UCSC	GCF_002263795.1	GCF_002263795.1_ARS-UCD1.2_BTA	GCF_002263795.1	https://hgdownload.soe.ucsc.edu/hubs/GCF/002/263/795/GCF_002263795.1/GCF_002263795.1.fa.gz	2211	2715853792	e3914af4fb55ee2927374b870aa61f692c10be80ff0fef1e62f9d6ef471a58fd	https://mirgenedb.org/static/data/bta/bta-all.bed	4675	256506	84119fd8f93ea36f5024ffd7b93921a51328369166c5b1b057288eb1d7756a1b	466	afaf65d19f9f92a0edfa702c8ec0b2c6382bae57adda25ad9f46fd34dca196f9	strict_exact
mmu	Mus musculus	UCSC	GCA_000001635.2	mm10	GCA_000001635.2	https://hgdownload.soe.ucsc.edu/goldenPath/mm10/bigZips/mm10.fa.gz	66	2730871774	3adb3d9ee04d66916e72030e05b16de06a81268770ca672f3b9b0dedca596192	https://mirgenedb.org/static/data/mmu/mmu-all.bed	4602	224811	36e7cde4a51a2d1e4d7a07eec29db2a8223adbf13316055a73a9de7bcb20ad76	457	25c3eeb85a37cb5065bc417307b90362d37fe18db3778a78efb3d270be30a835	strict_exact
cja	Callithrix jacchus	UCSC	GCA_011100555.2	GCA_011100555.2_mCalJa1.2.pat.X_genomic	GCA_011100555.2	https://hgdownload.soe.ucsc.edu/hubs/GCA/011/100/555/GCA_011100555.2/GCA_011100555.2.fa.gz	1234	2874881015	9baeba86649001b085066034cbe8f37f842a1dbd69688a8660d3a32e91336aff	https://mirgenedb.org/static/data/cja/cja-all.bed	4448	241429	13caed0bbbf685082d8ce8e9efc856207798208ac7c6febe47da0f018bd05578	444	50efd7c8beaadbb2aac3f794c253182e572075fd0c74cab7a650741b6df8153d	strict_exact
laf	Loxodonta africana	UCSC	GCA_000001905.1	GCA_000001905.1_Loxafr3.0	GCA_000001905.1	https://hgdownload.soe.ucsc.edu/hubs/GCA/000/001/905/GCA_000001905.1/GCA_000001905.1.fa.gz	2352	3196738035	ae8bee567233cec115a84e6b34a5691b70bc53bc06e1a1d5031e4676dbb9c3b5	https://mirgenedb.org/static/data/laf/laf-all.bed	3777	198876	9a405d94a8c10444f1b9641a20a1ebbc5eaff3d276e6982e5903fc461d3cedcb	376	6d408ae9acc9a5dadb794f79a2bd7d06c9fb703fb108b1417d95cd26836ece15	strict_exact
mal	Monopterus albus	NCBI	GCA_001952655.1	GCA_001952655.1_M_albus_1.0_genomic	GCA_001952655.1	https://api.ncbi.nlm.nih.gov/datasets/v2/genome/accession/GCA_001952655.1/download?include_annotation_type=GENOME_FASTA	20621	684127526	7da43c48b31f9686e4aab3385210ebffe5c78c00b493df094a390686853ecb98	https://mirgenedb.org/static/data/mal/mal-all.bed	3468	179828	6bab2d3d9a32aeb04ad1f40794d16e2833906f59bfaffb9c1ec92fa9b9431247	347	577b97c6e6f3c3ad8e030670bfabf0af0c5835e8c9171498c2af50df5bf8b714	strict_exact
gmo	Gadus morhua	Ensembl	GCA_000231765.1	gadMor1	GCA_000231765.1	https://ftp.ensembl.org/pub/release-102/fasta/gadus_morhua/dna/Gadus_morhua.gadMor1.dna.toplevel.fa.gz	398859	832114588	de0dbe4df5f1ba5161fd814c0e93cc367879fe3e3858806c25ba7da1146f427c	https://mirgenedb.org/static/data/gmo/gmo-all.bed	3424	185751	2c157bfcde2e49c26ecdb2d9bc5d8786aecdb5a0c8f05a4be6424aee1affcf0a	342	fdb0cc34199d8fb52200ed05480cd87231cf849e771ee915e0d67129a2b493ae	strict_exact
cpi	Chrysemys picta bellii	UCSC	GCF_000241765.2	chrPic1	GCF_000241765.2	https://hgdownload.soe.ucsc.edu/goldenPath/chrPic1/bigZips/chrPic1.fa.gz	80984	2589745704	a4b02e34eab3b7d72bf16be13e2e15beaf6230f3feb0c0b74ec39fbb580b1f69	https://mirgenedb.org/static/data/cpi/cpi-all.bed	3037	149976	fe88bcbe45cafb44e3249556406e034fae98133988750db2cc82c5b704368839	303	f941ddd2fbd0f37dcdba32cc641f20525abe7371e09b30bd5448dcc90e0a501b	strict_exact
lpo	Limulus polyphemus	UCSC	GCF_000517525.1	GCF_000517525.1_Limulus_polyphemus-2.1.2_genomic	GCF_000517525.1	https://hgdownload.soe.ucsc.edu/hubs/GCF/000/517/525/GCF_000517525.1/GCF_000517525.1.fa.gz	286605	1828226724	12423547abca4a460bd1eefdbc88def2d573795e80906611857d2d0ba4709bbd	https://mirgenedb.org/static/data/lpo/lpo-all.bed	2910	154716	11893255c13effb0d14c2ddbe6a975b50e8bf335fdf6017723638021797ce701	293	2fd9be3223aad6569bf9e2d7f9d1c2e4b97eb9c661c4ac5d001c9317131db701	strict_exact
gga	Gallus gallus	UCSC	GCF_000002315.6	Gallus_gallus.GRCg6a	GCF_000002315.6	https://hgdownload.soe.ucsc.edu/goldenPath/galGal6/bigZips/galGal6.fa.gz	464	1065365425	4e890d318bc2d5c715a5c3b82724d07fb51b9a805bf52f7e29c1f6bc7146229a	https://mirgenedb.org/static/data/gga/gga-all.bed	2860	127174	f8c00dab26d1c78e663a9bda7d8d864fbf46c1aba529152316927259c2673cf1	286	a40ce9a19af76e7c9342e636aa385bce9b22372fd5d031e893490e2e484e5db3	strict_exact
cmi	Callorhinchus milii	NCBI	GCA_000165045.2	GCA_000165045.2_Callorhinchus_milii-6.1.3	GCA_000165045.2	https://api.ncbi.nlm.nih.gov/datasets/v2/genome/accession/GCA_000165045.2/download?include_annotation_type=GENOME_FASTA	21203	974481817	7f9d683ebc96ea0714d19fa64db459189b35d43dcb1f41c80befa73890605e7c	https://mirgenedb.org/static/data/cmi/cmi-all.bed	2755	140397	89d79f299e50fb23d1ff18c4a7b936af78c853476620e2e8eba6dde5f867d31f	273	c633fd8923b2eba2512e5171ad4e2093d2afefe17886dc439a57702d9f4a72b1	strict_exact
loc	Lepisosteus oculatus	UCSC	GCF_000242695.1	LepOcu1	GCF_000242695.1	https://hgdownload.soe.ucsc.edu/hubs/GCF/000/242/695/GCF_000242695.1/GCF_000242695.1.fa.gz	1925	945874548	7269508641d9c6730134a37878fe0fcebcd64eafd06e632ac9eb45c5cef2a08c	https://mirgenedb.org/static/data/loc/loc-all.bed	2726	127725	3009ffcb2b76fbcb8aa934de6be509f8da76936c15827bd809ca0771019b683e	273	03e5c5c5311faf83f6ee39517b46622a0843313fcdde61734529dd8c0ffe6754	strict_exact
gja	Gekko japonicus	UCSC	GCF_001447785.1	GCF_001447785.1_Gekko_japonicus	GCF_001447785.1	https://hgdownload.soe.ucsc.edu/hubs/GCF/001/447/785/GCF_001447785.1/GCF_001447785.1.fa.gz	191500	2490274461	6ce6b5eafbd13a5173ec0bea0efa27631db6da20c6b68e8d276195af2db0ddec	https://mirgenedb.org/static/data/gja/gja-all.bed	2617	140553	3c997b25fc4ce4b78d159984fe53631c823fa5e4f23d278517b361195e76c19e	261	ca6844a5541b1c1fd306a3df044f875ad0e97eafc1eddeb006a58545a22b6a6e	strict_exact
sto	Scyliorhinus torazame	NCBI	GCA_003427355.1	GCA_003427355_STO_add	GCA_003427355.1	https://api.ncbi.nlm.nih.gov/datasets/v2/genome/accession/GCA_003427355.1/download?include_annotation_type=GENOME_FASTA	458049	4470980620	2a4dedbebbefb53dde655b5017d8e029954d5c2a545c493fa67f316cea22d68c	https://mirgenedb.org/static/data/sto/sto-all.bed	2497	132014	1b97c4d3878f510c2a87dc9beaada84a76168981f77144476641e634b29085d7	250	541e98d5da7e22518b348736920d05b1319ea37822d9ee1cb37470da2f3dde2a	strict_exact
pbv	Python bivittatus	NCBI	GCA_000186305.2	GCA_000186305.2_Python_molurus_bivittatus	GCA_000186305.2	https://api.ncbi.nlm.nih.gov/datasets/v2/genome/accession/GCA_000186305.2/download?include_annotation_type=GENOME_FASTA	39112	1435034535	131da430b8a0dab0315d4e109c7589c24bee80c34742f2123b04dfd4483bb9ac	https://mirgenedb.org/static/data/pbv/pbv-all.bed	2484	121614	3c87aca78483e49c709b70132a50bf5a34d94c1d5051bd6417f8cda976eb0f0e	247	c1567df57c6847c7561af083e064e27bcd17c0e6082b23e791c0068197f005bf	strict_exact
mun	Microcaecilia unicolor	UCSC	GCA_901765095.2	GCA_901765095.2_aMicUni1.2	GCA_901765095.2	https://hgdownload.soe.ucsc.edu/hubs/GCA/901/765/095/GCA_901765095.2/GCA_901765095.2.fa.gz	1081	4685939421	55182da4087a508a61f46fd6b6dcc635f1ee10be836cb47ab5484f13c47c693a	https://mirgenedb.org/static/data/mun/mun-all.bed	2470	136797	807d294bc9b5f6fdce08f4f164f71fc921bfd4877537bd259d1e6e0d331224c9	244	10f836ed8bc6b85ba4646d2e2a086d90c3cd729424450515d9adab5cde148027	strict_exact
spt	Sphenodon punctatus	NCBI	GCA_003113815.1	GCA_003113815.1_ASM311381v1_TUATARA	GCA_003113815.1	https://api.ncbi.nlm.nih.gov/datasets/v2/genome/accession/GCA_003113815.1/download?include_annotation_type=GENOME_FASTA	16536	4272214985	fbaa88802d369c907cc55daccbe1b7fdfc8734f588f1a2ad6b21e4529f864c18	https://mirgenedb.org/static/data/spt/spt-all.bed	2272	124542	fc288b48407b4d103911cf13004051f3fc0076a5f023869ea78565760656d580	225	8829bda824d43bfb30997f9956481218839051e27d5d5c19d7aeb522b24eccfd	strict_exact
bla	Branchiostoma lanceolatum	Ensembl Metazoa	GCA_900088365.1	BraLan2	GCA_900088365.1	https://ftp.ebi.ac.uk/ensemblgenomes/pub/release-45/metazoa/fasta/branchiostoma_lanceolatum/dna/Branchiostoma_lanceolatum.BraLan2.dna_sm.toplevel.fa.gz	10247	495353434	a3c5dffad31d32fdedd2a244c815bd089211fc1d88d8114e42ba7a7d6fc90471	https://mirgenedb.org/static/data/bla/bla-all.bed	2019	99885	8c4fb75620c1c7b1b7d7e9fc1fc9bbec3482ef6765b7b8b259b074591c073d13	201	903391c84833d641e8184a042f217a691f0fdec7d526ae488ca0b31b0ea072dc	strict_exact
cbr	Caenorhabditis briggsae	UCSC	GCF_000004555.2	CB4	GCF_000004555.2	https://hgdownload.soe.ucsc.edu/hubs/GCF/000/004/555/GCF_000004555.2/GCF_000004555.2.fa.gz	367	108384165	89c18ab5a357c64219cfdfd7e01ca9dd6f3fdca99249c145bdf495312125fd19	https://mirgenedb.org/static/data/cbr/cbr-all.bed	1706	74120	5d3e6f6fbd671010d66b015a9e47cb35d64ada704b63d631169124dc80ae201c	186	f99a68d36f4720333d5e80abf1f82233238386ce0e17d8989dff5dfd49014bcb	strict_exact
ebu	Eptatretus burgeri	NCBI	GCA_900186335.2	Eburgeri_3	GCA_900186335.2	https://api.ncbi.nlm.nih.gov/datasets/v2/genome/accession/GCA_900186335.2/download?include_annotation_type=GENOME_FASTA	10846	2608383542	5edecd2e98ed59b8d5abd3a8b93e53286dd490ee0f5cb47a18c4bd953f7deb70	https://mirgenedb.org/static/data/ebu/ebu-all.bed	1827	101062	3438dc49f344d1c7c8777fc5195c0511f58ba096cf0cd392f531491909f5667c	181	3ff8bfdfe2e08a53755715901ddf9d64f36e23837b8c27611159516b30acc020	strict_exact
obi	Octopus bimaculoides	UCSC	GCF_001194135.1	PRJNA270931_OBI	GCF_001194135.1	https://hgdownload.soe.ucsc.edu/hubs/GCF/001/194/135/GCF_001194135.1/GCF_001194135.1.fa.gz	151674	2338188782	48f01efe814a00dd6a0f6b52685018ef093cc964e5ca86029910ae2e34a303ad	https://mirgenedb.org/static/data/obi/obi-all.bed	1750	81921	43bfb86f881f4ef7ebbdd5ea0c4dc94f373e5caf10a45c9b9e26631ac9603009	176	eae1befd364dab3441589e96bd69c2d84edfafe59396c6c56ea9bc56fca942be	strict_exact
dme	Drosophila melanogaster	UCSC	GCF_000001215.4	Drosophila_melanogaster_BDGP6	GCF_000001215.4	https://hgdownload.soe.ucsc.edu/goldenPath/dm6/bigZips/dm6.fa.gz	1870	143726002	c81fd8add3f9b13f031dd9f72e98b6295641e8604f53268b5f2c047c70cffea0	https://mirgenedb.org/static/data/dme/dme-all.bed	1592	69938	28ef3edf4e0178a5b4b64cddbf80b256b64a0c0589ec6eaff6a0177b5e8e39de	161	13350185dd02c14eb6f8859796ce48835a17e7e2eae928d053aefca02effd6f8	strict_exact
dan	Drosophila ananassae	NCBI	GCF_000005115.1	Dana_caf1	GCF_000005115.1	https://api.ncbi.nlm.nih.gov/datasets/v2/genome/accession/GCF_000005115.1/download?include_annotation_type=GENOME_FASTA	13749	230993012	057631cd048bc677b994b636fe38aeaeb8812ddec25c92ecf161699e25586568	https://mirgenedb.org/static/data/dan/dan-all.bed	1565	85861	5b6a5590dc6d9e6ff71d62a5098fc84a59c8a89c91243737a747c1d57af0ce0e	158	73ad7029ac7952f06799c59573c9a1cc47ad5682238d06f4346eea19931ac347	strict_exact
dya	Drosophila yakuba	NCBI	GCA_000005975.1	Drosophila_yakuba.dyak_caf1.dna.toplevel	GCA_000005975.1	https://api.ncbi.nlm.nih.gov/datasets/v2/genome/accession/GCA_000005975.1/download?include_annotation_type=GENOME_FASTA	8122	165693946	77cba287d27211001931e862a0f6be14c2e8dba46fc30b5e95c9ef10be57027c	https://mirgenedb.org/static/data/dya/dya-all.bed	1469	64468	2a695d549f5908252428326e80ab44e0673777c9c6eef5a144bb284ec5c7bde6	148	49b61ba6244012b6d635511cf0308d06d62723378fabda934bb5f252f066b35b	strict_exact
esc	Euprymna scolopes	NCBI	GCA_024364805.1	esc-GCA_024364805.1_ASM2436480v1	GCA_024364805.1	https://api.ncbi.nlm.nih.gov/datasets/v2/genome/accession/GCA_024364805.1/download?include_annotation_type=GENOME_FASTA	1735	5116329061	d1b96dcfeb5e775f270178546389e909cb5179ae881e202431666199ff62b549	https://mirgenedb.org/static/data/esc/esc-all.bed	1476	79155	f71b7271b79dd9eaeed290f3c9ddd67081c377b1e6da6e08ff93d7c11e773b32	148	7e43c8edfdf3bf38e39ba5877953874d38c175fc67d012f7327feaa5855d1ab3	strict_exact
cel	Caenorhabditis elegans	UCSC	GCF_000002985.6	ce11	GCF_000002985.6	https://hgdownload.soe.ucsc.edu/goldenPath/ce11/bigZips/ce11.fa.gz	7	100286401	d2b4d36b59e8aaa0107ddd9497672befe8094cc801f829b8e985edd4dc610e57	https://mirgenedb.org/static/data/cel/cel-all.bed	1325	60639	b9f3b7dafd3e235bc5e9ad2fed1d2343021fc02e779d93f055755c465a8710b4	145	38e4b5f12ec258d7c9febb93315f8318bd2909434477c05d5545d6bc77032ea4	strict_exact
bge	Blattella germanica	UCSC	GCA_000762945.2	Bger_2.0	GCA_000762945.2	https://hgdownload.soe.ucsc.edu/hubs/GCA/000/762/945/GCA_000762945.2/GCA_000762945.2.fa.gz	28065	1796331457	e5951a468f3e3d674484101d38205bf819de1119abbeeaa5cdda61cdd9511fa0	https://mirgenedb.org/static/data/bge/bge-all.bed	1455	70633	da90f81a5448602aab9313d579b96370f1ee30ee875c987717668f4cb685a5e4	144	d178eab6abd4f8171c2c9224204c334fe53fd051b6cd7d62584f2c9e9869f1e6	strict_exact
ava	Adineta vaga	UCSC	GCA_021613535.1	GCA_021613535.1_ASM2161353v1_AVA	GCA_021613535.1	https://hgdownload.soe.ucsc.edu/hubs/GCA/021/613/535/GCA_021613535.1/GCA_021613535.1.fa.gz	6	100824805	698e441cb4d385d403a897f688e91ac0e1c0a07293d091d8c1419df67304b93a	https://mirgenedb.org/static/data/ava/ava-all.bed	1226	65328	2f5abd288b3ca642ff72c98b54dd4768f4acca71b4aa5b3d9a7dc1d38947b78a	128	082e964ecf651fd1f8c73579fb79fa264b6db55445812de4816409ae7b64710a	strict_exact
pdu	Platynereis dumerilii	NCBI	GCA_026936325.1	GCA_026936325.1_EMBL_pdum_1.0	GCA_026936325.1	https://api.ncbi.nlm.nih.gov/datasets/v2/genome/accession/GCA_026936325.1/download?include_annotation_type=GENOME_FASTA	330	1469601079	ff32a937893f63cd9e99308150a16e5eea17376be264c78a4f15c3a6c2fdbff4	https://mirgenedb.org/static/data/pdu/pdu-all.bed	1252	74848	04494dc8866d191fc5ada2dc41a5569e806a16bee9b1c5ea1b395af1d71db8ba	123	e24b75884d30b2073489860cd51b78ccd2bbe4696091c9ee9b26b64dd1805e78	strict_exact
aga	Anopheles gambiae	UCSC	GCF_943734735.2	GCF_943734735.2_idAnoGambNW_F1_1_genomic	GCF_943734735.2	https://hgdownload.soe.ucsc.edu/hubs/GCF/943/734/735/GCF_943734735.2/GCF_943734735.2.fa.gz	191	264466744	da6a61fe9b0f44236bb77634d1168c1da95633478e84dd068ef5324f495343a9	https://mirgenedb.org/static/data/aga/aga-all.bed	1138	60970	04023efd4887dc478efb663e4651ff22a6e1c021acb578da3864fb8a6226164a	114	ee802cab5c6d7940ec061e41435018d0f3bd82a4a1d271698b678c838bdb32a1	strict_exact
sme	Schmidtea mediterranea	NCBI	GCA_002600895.1	Sme_GCA_002600895.1_ASM260089v1_alt	GCA_002600895.1	https://api.ncbi.nlm.nih.gov/datasets/v2/genome/accession/GCA_002600895.1/download?include_annotation_type=GENOME_FASTA	1990	942041730	047555a66018d38653e7b73d8dabdb4b765a91b20f1908d0467cdb2eb4a6245d	https://mirgenedb.org/static/data/sme/sme-all.bed	1075	72373	dda2e96b06cc57b3adb008d7e2421ca47c2e2dd68c69945c29e5a73f28d6ed99	109	262aa0ddb5875333295fbe54d313685ad7798a5768d2745254433c9b819ae9df	strict_exact
cin	Ciona intestinalis	UCSC	GCF_000224145.1	ci3	GCF_000224145.1	https://hgdownload.soe.ucsc.edu/goldenPath/ci3/bigZips/ci3.fa.gz	1272	115227500	4e694b027b1dc537c33307803e1c40a10b077d367ad4991db8e8963d25d75b72	https://mirgenedb.org/static/data/cin/cin-all.bed	1098	47882	a1f16c86f209239022edaef22a6917480730d5acdbc8312b05da38937a32ce28	107	f73091e0a8bfb7845d685c7f0ba15ba76739a9586212490ba92681adc81b293a	strict_exact
lan	Lingula anatina	NCBI	GCF_001039355.1	LinAna_1.0	GCF_001039355.1	https://api.ncbi.nlm.nih.gov/datasets/v2/genome/accession/GCF_001039355.1/download?include_annotation_type=GENOME_FASTA	3830	425494968	6b17b5fcd75b75e3c39c8fcf6769faff2a79c1e1c43f1340d923241563a1c5ea	https://mirgenedb.org/static/data/lan/lan-all.bed	1060	53566	b379953100daa172ca21cc0e38f8f23bd932aa70950ad6bb0565604f74dc343a	106	eefb86d4a81bf0938cb36e0e04b772e91a46fe434a0e542a83331c99f69f44a1	strict_exact
dlo	Diachasmimorpha longicaudata	UCSC	GCF_034640455.1	GCF_034640455.1_iyDiaLong2_genomic	GCF_034640455.1	https://hgdownload.soe.ucsc.edu/hubs/GCF/034/640/455/GCF_034640455.1/GCF_034640455.1.fa.gz	246	194452999	89dd3fd61978dab671714b55ef186c993e4e4d19788e7ce5af532444c1424e63	https://mirgenedb.org/static/data/dlo/dlo-all.bed	1040	53527	97ac15214ab5ad33df42eb38b28eab400b97fa86ed8a3a4f1979dc2d57198bff	104	ed834452111caad7646f166ba3144dccf670e2379545da759b321dc32790e61b	strict_exact
ofu	Owenia fusiformis	NCBI	GCA_903813345.2	GCA_903813345.2_Owenia	GCA_903813345.2	https://api.ncbi.nlm.nih.gov/datasets/v2/genome/accession/GCA_903813345.2/download?include_annotation_type=GENOME_FASTA	819	499544331	7351a5d09e21622b29f2de8292e68acd85e11d891127bcd77eaf46361c4850cd	https://mirgenedb.org/static/data/ofu/ofu-all.bed	983	58425	f8813efe9348a82040ba9c5842109a987956eb997c8f924eb970f4b970e3bdd9	98	d91cbe5247798c7e4e2306fed945d21f774eff25c566ff762d3e02084b9e1837	strict_exact
pve	Pictodentalium vernedei	NCBI	GCA_031216915.1	Pve_genome_chr_only	GCA_031216915.1	https://api.ncbi.nlm.nih.gov/datasets/v2/genome/accession/GCA_031216915.1/download?include_annotation_type=GENOME_FASTA	595	6018017311	6bf4d6789e57f979f18c93859bf30e2737fd43f628e04eb2c15be93395fdbd8a	https://mirgenedb.org/static/data/pve/pve-all.bed	982	52287	7571d6c9e6234fff43651cf5edd26e994fdd8ac23645e1c40777ec9fc1891744	97	444b40feae710178ad47b306ca31cb68e158391b26583c527538abceb1f885ab	strict_exact
llo	Lineus longissimus	NCBI	GCA_910592395.2	GCA_910592395.2_tnLinLong1	GCA_910592395.2	https://api.ncbi.nlm.nih.gov/datasets/v2/genome/accession/GCA_910592395.2/download?include_annotation_type=GENOME_FASTA	31	391180816	ba4a63572d3a98234dc8f8c013c15a9f25e411db32c00256d2d94fdba13e1a29	https://mirgenedb.org/static/data/llo/llo-all.bed	948	49544	a48365fe5c3dee4518a439ceaf9f92670b5f7fe61f77f0487af3f11b949c478b	95	242cbe68111a8805e2967c68b693949148724484fa4b82252ff6179d796b81b9	strict_exact
pfl	Ptychodera flava	NCBI	GCA_001465055.1	Pfl	GCA_001465055.1	https://api.ncbi.nlm.nih.gov/datasets/v2/genome/accession/GCA_001465055.1/download?include_annotation_type=GENOME_FASTA	218255	1228694352	d735e4bea5775147e801c4f1cf75345f6368982c101d5d947c0a1ed43cc8dbf7	https://mirgenedb.org/static/data/pfl/pfl-all.bed	891	43141	589495d0bf03dd01f0e733538bb8f568cc62a1a000305ca2d0c4d611fe970f9b	86	0cbf8c898fed7bd49897a060407f82d4c0dc2c7ed7e6b1bf93223c938d1efe3c	strict_exact
agr	Acanthopleura granulata	NCBI	GCA_016165875.1	GCA_016165875.1_ASM1616587v1_Acanthopleura_granulata	GCA_016165875.1	https://api.ncbi.nlm.nih.gov/datasets/v2/genome/accession/GCA_016165875.1/download?include_annotation_type=GENOME_FASTA	87	606536932	57cd5ba0d1a315485a624bdbcbc69696f34ca149d95633b18fe9b6ecfd1870cf	https://mirgenedb.org/static/data/agr/agr-all.bed	827	48456	b86a4d3710d70ac5911638010aa3292d7cc6a8be2662f2cb7cadb09be50b64c9	83	338656a21386abe212d295c711ccd481666c916dd00fe4e6fb26ab17815ab8c2	strict_exact
mom	Mopalia muscosa	NCBI	GCA_031763545.1	GCA_031763545.1_ASM3176354v1_genomic_Mom	GCA_031763545.1	https://api.ncbi.nlm.nih.gov/datasets/v2/genome/accession/GCA_031763545.1/download?include_annotation_type=GENOME_FASTA	162745	661939908	167cf3b1be9306e4a34b08bd8ca709192bad53a0a05d9603da3139f8e28f0023	https://mirgenedb.org/static/data/mom/mom-all.bed	821	43204	3299a13180aba8c4cb4a08d6dc4c4caf985261798edbdb10ee2d87e1b7bba538	83	4f2009d1e3a8df3620e77aa56639552bac8c2d7f7ccfbab1188fc9301722b71c	strict_exact
snu	Sipunculus nudus	NCBI	GCA_026874595.1	GCA_026874595.1_ASM2687459v1_Sipunculus_nudus	GCA_026874595.1	https://api.ncbi.nlm.nih.gov/datasets/v2/genome/accession/GCA_026874595.1/download?include_annotation_type=GENOME_FASTA	155	1426776566	89c3f17f96e639fae79c39b40ad9c85539013a8b33b2911da837bc0ecb10d4d3	https://mirgenedb.org/static/data/snu/snu-all.bed	847	44290	30a64801f13b4638b936d5c016b942823fb4f035e496467a55bbcb696c7434d4	83	49cb4af351a59283ba11f12a9177106fe2347111b2f621bc9282bfab5aed3fd9	strict_exact
dgr	Dimorphilus gyrociliatus	NCBI	GCA_904063045.1	GCA_904063045.1_Dgyrociliatus	GCA_904063045.1	https://api.ncbi.nlm.nih.gov/datasets/v2/genome/accession/GCA_904063045.1/download?include_annotation_type=GENOME_FASTA	349	77897245	150e3dc2a05cdf6830ae55a108225256246066f9a62e365c409a508c2e8df3b9	https://mirgenedb.org/static/data/dgr/dgr-all.bed	772	43824	6f63034e4d70eaebd529db108548eeec3936a96c9084f06e9478cf3a9652ac47	78	598ee875c3c3301f49da9b363331bb8b01b6dfce10973abab8dc92a04ef1c19b	strict_exact
npo	Nautilus pompilius	NCBI	GCA_018389105.1	GCA_018389105_NPO	GCA_018389105.1	https://api.ncbi.nlm.nih.gov/datasets/v2/genome/accession/GCA_018389105.1/download?include_annotation_type=GENOME_FASTA	2743	729019367	b08ba75a46db71fb661d702c3dc51b4ce1097754b4135fdc7e7c1d957032dd47	https://mirgenedb.org/static/data/npo/npo-all.bed	785	43163	6763d892742bd6f541dcb9770546420c2b48b352602fa93a82876eb6e264500c	78	d4480c4ec8fb9cf00611185cdf4812062b9de33810437ddcd6e93c6576fa5977	strict_exact
pca	Priapulus caudatus	NCBI	GCA_000485595.2	Priapulus_caudatus_gca000485595v2	GCA_000485595.2	https://api.ncbi.nlm.nih.gov/datasets/v2/genome/accession/GCA_000485595.2/download?include_annotation_type=GENOME_FASTA	59586	511723334	0db4ea656212722e70e527e9ed0648d13dbbb6ff238246c4175523f9a3235f48	https://mirgenedb.org/static/data/pca/pca-all.bed	784	37277	f93b7cec20d8f0f19d7b3a896988285e429d9ac171d64882568c8e5ec425a2fb	78	39d96af7fd6704dd84d1c1f04b4f352c416a7ef5725b8f0a3b0883722e74709d	strict_exact
sko	Saccoglossus kowalevskii	NCBI	GCF_000003605.2	Skow_1.1	GCF_000003605.2	https://api.ncbi.nlm.nih.gov/datasets/v2/genome/accession/GCF_000003605.2/download?include_annotation_type=GENOME_FASTA	54120	775840395	42cb23572b8fd39491aa58dcfea7f32b263dd5d37d16a2cc90e4bf787321869c	https://mirgenedb.org/static/data/sko/sko-all.bed	796	41094	5d04980524b170d67b0a4674d3eef1f1f56438cee6716d2da93fb6c8d78ca545	78	1312d2edaf18f18f9aaf0d2d748adc6762d85b753cdd693a832de4c44d8ae1d0	strict_exact
pau	Phoronis australis	NCBI	GCA_002633005.1	Phoronis_australis_GCA_002633005	GCA_002633005.1	https://api.ncbi.nlm.nih.gov/datasets/v2/genome/accession/GCA_002633005.1/download?include_annotation_type=GENOME_FASTA	3983	498443662	635a9333822877fbf842619ee73ffc633716e2da0de8eef17c8754e801e7f76a	https://mirgenedb.org/static/data/pau/pau-all.bed	728	38136	d519bbff4287d712546cdec5e893a1e2b9b503552643a527115a73e3b98f9dfa	73	c57b80806bda9b9e093f24b8797236d708e1e2c01e6a2f6a6ce587a7fc83c641	strict_exact
war	Wirenia argentea	NCBI	GCA_025802215.1	GCA_025802215.1_ASM2580221v1_Wirenia	GCA_025802215.1	https://api.ncbi.nlm.nih.gov/datasets/v2/genome/accession/GCA_025802215.1/download?include_annotation_type=GENOME_FASTA	230499	528769856	34db5913cf913063bc2d35cf3f9d754b75640e0936355b6d10308a5ab368e0e1	https://mirgenedb.org/static/data/war/war-all.bed	734	35141	04633835b307764eb949e41ae90f7446e9523d26b95e124744875f54301185f6	72	a569f29edd3cbc891c7c92553a494da1d644a62e4ef0ae44d78f9e93185156a5	strict_exact
pcr	Prostheceraeus crozieri	NCBI	GCA_907163375.1	GCA_907163375.1_PROCRO_GENOME_genomic	GCA_907163375.1	https://api.ncbi.nlm.nih.gov/datasets/v2/genome/accession/GCA_907163375.1/download?include_annotation_type=GENOME_FASTA	17074	2065465794	9de76eb56c4ebcb076e90a7b8be150fec015c194250670e37f250ed1a3352ea1	https://mirgenedb.org/static/data/pcr/pcr-all.bed	715	39831	45a32401651d6b388aae6d7d4c76152f867c1fafa91e4dff35f67ed44263cee0	71	faa3c72e5f74ce073a4ccacc1fe3609cda1c9ded7b5ceacb1e4a7c22d18c441d	strict_exact
eba	Epimenia babai	NCBI	GCA_011762755.2	GCA_011762755.2_ASM1176275v2_Epimenia	GCA_011762755.2	https://api.ncbi.nlm.nih.gov/datasets/v2/genome/accession/GCA_011762755.2/download?include_annotation_type=GENOME_FASTA	229818	537167073	270fcf1c27447c9ea1ad3e5c9b88c4695b9401b0f15b1185bf7ea3586973ed70	https://mirgenedb.org/static/data/eba/eba-all.bed	651	31655	750648010dcd2f6550c7cf22363cdd35a6f76d3d11f1ad4793358ee1a16145b9	64	c625fcf028b2ff903d0de095ef60905d59e2c2ae788aba4ba159bf18a476da53	strict_exact
isc	Ixodes scapularis	NCBI	GCF_016920785.2	GCF_016920785.2_ASM1692078v2_ISC	GCF_016920785.2	https://api.ncbi.nlm.nih.gov/datasets/v2/genome/accession/GCF_016920785.2/download?include_annotation_type=GENOME_FASTA	648	2226883318	616f11593a11d54c8af955546f430888a9efacd0b741480871f20c0959a033be	https://mirgenedb.org/static/data/isc/isc-all.bed	640	35642	79dc7ffcc4da839887ceaae356b8de58dad33c69f48fd2090c4d55017cf2caac	64	596e2859546f42dbd1e280f0199bd07340bec201f012603bff239d6f25ccbdc5	strict_exact
bko	Brachionus koreanus	NCBI	GCA_016987375.1	Brachionus_koreanusGCA_016987375.1_Bk_v0.5.4_genomic	GCA_016987375.1	https://api.ncbi.nlm.nih.gov/datasets/v2/genome/accession/GCA_016987375.1/download?include_annotation_type=GENOME_FASTA	567	86146996	f3fb9c6fde7371afeb67ce496cab9cefdc43ebeffbb981003b244f8a5f4b64cb	https://mirgenedb.org/static/data/bko/bko-all.bed	591	31780	1f2db29ef5db8fb418dd2a90bdb2827244137e961213dd18aaffcebcc4200f11	61	577b62fd1f7383d25459554223165d612e986550905abddc24b12322a0c269a3	strict_exact
pmi	Patiria miniata	NCBI	GCA_000285935.1	Pmin1	GCA_000285935.1	https://api.ncbi.nlm.nih.gov/datasets/v2/genome/accession/GCA_000285935.1/download?include_annotation_type=GENOME_FASTA	60183	811028858	2243a7b262bbc333af404d116571d85723f6875aff3d9d045e412ad0735ea398	https://mirgenedb.org/static/data/pmi/pmi-all.bed	606	27806	59bb418162886d637031b4b3d73c61b7038614560b5572edff2fe1ffcfc39092	59	1f30bcda8b5ce9f759d709e26f3e28d57e7a1ec957d60b70f395fbeb5bdd9bd3	strict_exact
spu	Strongylocentrotus purpuratus	NCBI	GCF_000002235.5	Spur_5.0	GCF_000002235.5	https://api.ncbi.nlm.nih.gov/datasets/v2/genome/accession/GCF_000002235.5/download?include_annotation_type=GENOME_FASTA	871	921855793	3f2b70ec89a7f559e0e490d2fa12af3d326832e81407d44a2beb0e58ea9a209f	https://mirgenedb.org/static/data/spu/spu-all.bed	604	33337	bd754e0de93234a7a7d19a8a9573c839cecd77098d3a50456ca7e15bb600a526	59	bf7ab6046e2bc29c767abdca0a68f3bb4d453f7f4f5b91df0df14afda303c40c	strict_exact
bpl	Brachionus plicatilis	NCBI	GCA_010279815.1	Bpl_ASM1027981	GCA_010279815.1	https://api.ncbi.nlm.nih.gov/datasets/v2/genome/accession/GCA_010279815.1/download?include_annotation_type=GENOME_FASTA	716	106939251	ad3314a3cc31c8ca1426d0c42328d738a0d5249d213bfb6a77aa557cff9a6c25	https://mirgenedb.org/static/data/bpl/bpl-all.bed	519	27633	dbe088f7e2c3e1abc8f0391b695454d4022477f7aa2e0c080fef8768b6cebb87	54	7d09da8bd8d9ea64498d22f938aa930dda3ef369d6617ca9820d67adffd3fd10	strict_exact
egr	Echinococcus granulosus	NCBI	GCA_000524195.1	GCA_000524195.1_ASM52419v1_Egranulosus	GCA_000524195.1	https://api.ncbi.nlm.nih.gov/datasets/v2/genome/accession/GCA_000524195.1/download?include_annotation_type=GENOME_FASTA	957	110837706	57fa66de6908a17f245f6b61985aa596d8e0e5089ec64cdfd0490b4c75ecd1dd	https://mirgenedb.org/static/data/egr/egr-all.bed	520	27161	e6f539174ca9a65b37098b564e62639f1307c3e1906cedfd4d140e76205b1337	52	2eb640b5cf866d0c8820b2ee2465951eabaa2d688ff93c33f881ad2e9a4ed04d	strict_exact
sma	Schistosoma mansoni	NCBI	GCA_000237925.5	GCA_000237925.5_SM_V9_genomic	GCA_000237925.5	https://api.ncbi.nlm.nih.gov/datasets/v2/genome/accession/GCA_000237925.5/download?include_annotation_type=GENOME_FASTA	12	391422238	ede0abd2918694137bbc7f127a607ce004e1d2c85917e8aa366a8a5425821a2e	https://mirgenedb.org/static/data/sma/sma-all.bed	470	24298	1061abb9a4400ebdeda39db69b0364d430b7f90577c010eb0d3f1f5f044e795d	47	a58d6053edbf84c21fb628d1d89afe62bb72581185ca8955a9b959b7318e945d	strict_exact
gsa	Gyrodactylus salaris	NCBI	GCA_000715275.1	gyrodactylus_salaris.PRJNA244375.WBPS19.genomic	GCA_000715275.1	https://api.ncbi.nlm.nih.gov/datasets/v2/genome/accession/GCA_000715275.1/download?include_annotation_type=GENOME_FASTA	6075	67380660	125aab577a57cdea196918054b4998f941c11b4a3d6bcea3d2fe94d98c12c6fe	https://mirgenedb.org/static/data/gsa/gsa-all.bed	462	23552	e80994db0f953104b29c739b99c6afd4ec28182cf17ff608d3b6cbfc44553844	46	d63b1199a9548142da5614d3efb993816b39a9c81bd89750725bf5de5c94a641	strict_exact
sro	Symsagittifera roscoffensis	NCBI	GCA_025153585.1	GCA_025153585.1_SymRos_1_5_genomic	GCA_025153585.1	https://api.ncbi.nlm.nih.gov/datasets/v2/genome/accession/GCA_025153585.1/download?include_annotation_type=GENOME_FASTA	3460	1103025803	5dbfacf17c36523cb38ec969f88dd42bfee6f86aa814112e22de9ebe9892f06b	https://mirgenedb.org/static/data/sro/sro-all.bed	358	20188	71113ccb424264d4b3b22bc3049350e5f8c5573a9790ad0eadd440b0890a79a0	39	891a3a32e24a32cf06a137007155f21259ce1f21f6773cec43919429ff0b6891	strict_exact
asp	Actinernus sp.	NCBI	GCA_030867875.1	GCA_030867875.1_CUHK_Acti_1.0_genomic	GCA_030867875.1	https://api.ncbi.nlm.nih.gov/datasets/v2/genome/accession/GCA_030867875.1/download?include_annotation_type=GENOME_FASTA	1812	1391727875	47c4df37c485c27a9d2ff0d11d36cc57db82a5f5df0021600db371c717f5e443	https://mirgenedb.org/static/data/asp/asp-all.bed	283	17125	5bef97330d0a07aaaa741af99ef075ffc344fa32f7237c1ae6c057714084f680	31	8eb6522e25b8f4bd4305d5e536a396bc762a40b49510758064a17772bd780158	strict_exact
nve	Nematostella vectensis	NCBI	GCF_000209225.1	GCF_000209225.1_ASM20922v1_NVE	GCF_000209225.1	https://api.ncbi.nlm.nih.gov/datasets/v2/genome/accession/GCF_000209225.1/download?include_annotation_type=GENOME_FASTA	10804	356613585	df0223e401ae3b8ded0c9e51e00263ac234f120ba2204935e0abdd6cea15451c	https://mirgenedb.org/static/data/nve/nve-all.bed	276	14464	4ae8af6fa377d1ff4771871d402d81d6318d02e52628a15880eb719db8dcf5ec	30	65d1bcc65d3eb1f99671ce550c2b860fc4a0b7e8cb94f570922452cd0bd1940d	strict_exact
gsp	Gordionus sp.	NCBI	GCA_954871325.1	GCA_954871325.1_tfGorGonz1-WG_genomic	GCA_954871325.1	https://api.ncbi.nlm.nih.gov/datasets/v2/genome/accession/GCA_954871325.1/download?include_annotation_type=GENOME_FASTA	398	287795482	e404f9187e3bd62d1ae68f854a51122178b40debd339ae46a9fcc400d0259942	https://mirgenedb.org/static/data/gsp/gsp-all.bed	255	12833	e662eeca0564c9ad9bef2f514f0566ed7720ff0f283e25cc7d209446b1406f29	27	dd06c5c96e98ee9ae9e8827bb1558b7e38272643806a6ab35c4d4de71740f630	strict_exact
hmi	Hofstenia miamia	NCBI	GCA_004352715.1	Hofstenia_miamia.HmiaM1.dna.nonchromosomal	GCA_004352715.1	https://api.ncbi.nlm.nih.gov/datasets/v2/genome/accession/GCA_004352715.1/download?include_annotation_type=GENOME_FASTA	18347	949842658	f8afaa7b6aea2871029e4adc24fa871035a71d2b90e760100967b4506cc59478	https://mirgenedb.org/static/data/hmi/hmi-all.bed	257	13397	a0e6092e38fd3de6c9bc45c79f87300fba124cf197a4a4ced3bd1cbd6a84945a	27	551037c8c4504d4139bdb6091f211f5349b959afa23759c2109c87ab2091de61	strict_exact
hvu	Hydra vulgaris	NHGRI Hydra portal	Hm105_1.0	Hm105_1.0		https://research.nhgri.nih.gov/hydra/download/assembly/Hm105_Dovetail_Assembly_1.0.fa.gz	5525	853782670	bf63c5555b5a7fae3e9933a0e1f8511ee8dd7ee5499b89ad46388d89b25c1f72	https://mirgenedb.org/static/data/hvu/hvu-all.bed	241	11939	34776a289ed6bb017bc91897749886c5b391c92a3925bed1421b4aad436e5e09	26	95cb7d874497ab602c4c680c12efb51158c503ebbf44ec099405b5bc7d1c0f2c	strict_exact
adi	Acropora digitifera	NCBI	GCA_000222465.2	GCA_000222465.2_Adig_1.1_genomic	GCA_000222465.2	https://api.ncbi.nlm.nih.gov/datasets/v2/genome/accession/GCA_000222465.2/download?include_annotation_type=GENOME_FASTA	2420	447478678	65ced04ce616d024edb81bce0516221aadd25af6114d1295d5cc569885a1d192	https://mirgenedb.org/static/data/adi/adi-all.bed	225	10856	10a57244e16d86ec0b9e9894e671f081ed40f0da7ed3da47a0ee98b01c7b9e6b	24	70676abeb9132b04ffc967505926505090e9b7db48a7fb00ac78782a9a2510a0	strict_exact
ple	Pomphorhynchus laevis	NCBI	GCA_012934845.2	GCA_012934845.2_ASM1293484v2_PLE_genomic	GCA_012934845.2	https://api.ncbi.nlm.nih.gov/datasets/v2/genome/accession/GCA_012934845.2/download?include_annotation_type=GENOME_FASTA	3864	253271445	8ba000563305bfc0a82b29956c6af64ecdf0c77cb283f38a6469ab7bfe5ad034	https://mirgenedb.org/static/data/ple/ple-all.bed	110	5435	8a871a57366891d919951de99c0594a2ff4058661238ea8cb3c467dba8a55c3a	12	46dad00ba720ecbf779d1eda3bd521145c7c4652c924cf33a05b5d2cb4e486cd	strict_exact
aqu	Amphimedon queenslandica	NCBI	GCF_000090795.1	GCF_000090795.1_v1.0_SPONGE	GCF_000090795.1	https://api.ncbi.nlm.nih.gov/datasets/v2/genome/accession/GCF_000090795.1/download?include_annotation_type=GENOME_FASTA	13398	166699561	4840292b80d0dc28f2f6d68d5e21a959ac238e66defbee6d8b597743349cc5d1	https://mirgenedb.org/static/data/aqu/aqu-all.bed	83	4264	ee2ed9ced0728512b024206011a478da7c183f76f38eb56248b0c90d986ed063	9	1e1377d883d638fd24fe91597954daef4b3ca7e5a159b99ab7e1e4c43a3c33d1	strict_exact
emu	Ephydatia muelleri	NCBI	GCA_013339895.1	GCA_013339895_Emu	GCA_013339895.1	https://api.ncbi.nlm.nih.gov/datasets/v2/genome/accession/GCA_013339895.1/download?include_annotation_type=GENOME_FASTA	1434	322619961	413c38bf31694bea88b8206414458ac8b84b9ca4b56985e96ea5d14b93e4484a	https://mirgenedb.org/static/data/emu/emu-all.bed	66	3846	3aa7056adc4eacbaa0c6e5b6ba61c7bbe7f2bc33453c101919aa511c3c58b133	7	0c81b6db4f96c1d306373f6db46f27ad4c4a1591b2e1e4e1bea8c3a710c674d5	strict_exact
