code	common_name	scientific_name	taxonomy_group	pre_mirna_count	genome_source	assembly_name	assembly_accession	genome_fasta_url	alias_url	mirgenedb_bed_url	supplement_fasta	supplement_bed	panel_status	notes
hsa	Human	Homo sapiens	Mammal	573	UCSC	hg38	GCA_000001405.15	https://hgdownload.soe.ucsc.edu/goldenPath/hg38/bigZips/hg38.fa.gz	https://hgdownload.soe.ucsc.edu/goldenPath/hg38/database/chromAlias.txt.gz	https://mirgenedb.org/static/data/hsa/hsa-all.bed			strict_exact	mirgenedb_context=hg38; mirgenedb_locus=https://mirgenedb.org/show/hsa/Mir-8-P1a; validation_source=UCSC chromInfo+chromAlias; ucsc_build=hg38; direct_matched=573; alias_matched=0; exact_precursor_sequence_match=pass; reference_records=573; compared_rows=573; exact_matches=573; source_batch=original_71
mml	Rhesus monkey	Macaca mulatta	Mammal	551	NCBI	GCA_003339765.3_Mmul_10_traces	GCA_003339765.3	https://api.ncbi.nlm.nih.gov/datasets/v2/genome/accession/GCA_003339765.3/download?include_annotation_type=GENOME_FASTA		https://mirgenedb.org/static/data/mml/mml-all.bed	panels/mirgenedb_71/supplements/mml.supplement.fa	panels/mirgenedb_71/supplements/mml.supplement.bed	supplemented_exact	mirgenedb_context=GCA_003339765.3_Mmul_10_traces; mirgenedb_locus=https://mirgenedb.org/show/mml/Mir-7180; ncbi_assembly_name=Mmul_10; validation_source=NCBI assembly report; assembly_report=https://ftp.ncbi.nlm.nih.gov/genomes/all/GCA/003/339/765/GCA_003339765.3_Mmul_10/GCA_003339765.3_Mmul_10_assembly_report.txt; missing_examples=ref|NC_027910.1|:2204403-2204704:1;ref|NC_027911.1|:49052010-49052273:1;ref|NC_027913.1|:140965443-140965706:1;ref|NC_027913.1|:50017913-50018176:1;ref|NR_032569.2|:1-101:1;ref|NR_128278.1|:1-110:1; exact_precursor_sequence_match=not_full; reference_records=551; compared_rows=545; exact_matches=545; source_batch=original_71; supplemental_contigs_added_from=audits/mirgenedb_full_exact_2026-07-02/supplement_missing_rows_fast_2026-07-03/mml; supplemented_rows=6; exact_after_supplement=551/551
pab	Sumatran orangutan	Pongo abelii	Mammal	526	UCSC	GCA_028885655.2_NHGRI_mPonAbe1-v2.0_traces	GCA_028885655.2	https://hgdownload.soe.ucsc.edu/hubs/GCA/028/885/655/GCA_028885655.2/GCA_028885655.2.fa.gz	https://hgdownload.soe.ucsc.edu/hubs/GCA/028/885/655/GCA_028885655.2/GCA_028885655.2.chromAlias.txt	https://mirgenedb.org/static/data/pab/pab-all.bed	panels/mirgenedb_71/supplements/pab.supplement.fa	panels/mirgenedb_71/supplements/pab.supplement.bed	supplemented_exact	mirgenedb_context=GCA_028885655.2_NHGRI_mPonAbe1-v2.0_traces; mirgenedb_locus=https://mirgenedb.org/show/pab/Mir-7180; validation_source=UCSC GenArk chrom.sizes+chromAlias; ucsc_genark_base=https://hgdownload.soe.ucsc.edu/hubs/GCA/028/885/655/GCA_028885655.2/; direct_matched=522; alias_matched=0; missing_examples=ref|NC_036905.1|:74764293-74764556:1;ref|NC_036926.1|:142254888-142255151:1;ref|NC_036926.1|:142255775-142256038:1;ref|NC_036926.1|:142259298-142259561:1; exact_precursor_sequence_match=not_full; reference_records=526; compared_rows=522; exact_matches=522; source_batch=original_71; supplemental_contigs_added_from=audits/mirgenedb_full_exact_2026-07-02/supplement_missing_rows_fast_2026-07-03/pab; supplemented_rows=4; exact_after_supplement=526/526
xla	African clawed frog	Xenopus laevis	Amphibian	504	UCSC	GCF_001663975.1_XLA_v2	GCF_001663975.1	https://hgdownload.soe.ucsc.edu/hubs/GCF/001/663/975/GCF_001663975.1/GCF_001663975.1.fa.gz	https://hgdownload.soe.ucsc.edu/hubs/GCF/001/663/975/GCF_001663975.1/GCF_001663975.1.chromAlias.txt	https://mirgenedb.org/static/data/xla/xla-all.bed			strict_exact	mirgenedb_context=GCF_001663975.1_XLA_v2; mirgenedb_locus=https://mirgenedb.org/show/xla/Mir-103-P2c; validation_source=UCSC GenArk chrom.sizes+chromAlias; ucsc_genark_base=https://hgdownload.soe.ucsc.edu/hubs/GCF/001/663/975/GCF_001663975.1/; direct_matched=504; alias_matched=0; exact_precursor_sequence_match=pass; reference_records=505; compared_rows=504; exact_matches=504; source_batch=original_71
eca	Horse	Equus caballus	Mammal	482	NCBI	GCA_002863925.1_EquCab3.0	GCA_002863925.1	https://api.ncbi.nlm.nih.gov/datasets/v2/genome/accession/GCA_002863925.1/download?include_annotation_type=GENOME_FASTA		https://mirgenedb.org/static/data/eca/eca-all.bed			strict_exact	mirgenedb_context=GCA_002863925.1_EquCab3.0; mirgenedb_locus=https://mirgenedb.org/show/eca/Mir-202; ncbi_assembly_name=EquCab3.0; validation_source=NCBI assembly report; assembly_report=https://ftp.ncbi.nlm.nih.gov/genomes/all/GCA/002/863/925/GCA_002863925.1_EquCab3.0/GCA_002863925.1_EquCab3.0_assembly_report.txt; exact_precursor_sequence_match=pass; reference_records=482; compared_rows=482; exact_matches=482; source_batch=original_71
bta	Cow	Bos taurus	Mammal	466	UCSC	GCF_002263795.1_ARS-UCD1.2_BTA	GCF_002263795.1	https://hgdownload.soe.ucsc.edu/hubs/GCF/002/263/795/GCF_002263795.1/GCF_002263795.1.fa.gz	https://hgdownload.soe.ucsc.edu/hubs/GCF/002/263/795/GCF_002263795.1/GCF_002263795.1.chromAlias.txt	https://mirgenedb.org/static/data/bta/bta-all.bed			strict_exact	mirgenedb_context=GCF_002263795.1_ARS-UCD1.2_BTA; mirgenedb_locus=https://mirgenedb.org/show/bta/Mir-155; validation_source=UCSC GenArk chrom.sizes+chromAlias; ucsc_genark_base=https://hgdownload.soe.ucsc.edu/hubs/GCF/002/263/795/GCF_002263795.1/; direct_matched=466; alias_matched=0; exact_precursor_sequence_match=pass; reference_records=466; compared_rows=466; exact_matches=466; source_batch=original_71
mmu	House mouse	Mus musculus	Mammal	457	UCSC	mm10	GCA_000001635.2	https://hgdownload.soe.ucsc.edu/goldenPath/mm10/bigZips/mm10.fa.gz	https://hgdownload.soe.ucsc.edu/goldenPath/mm10/database/chromAlias.txt.gz	https://mirgenedb.org/static/data/mmu/mmu-all.bed			strict_exact	mirgenedb_context=mm10; mirgenedb_locus=https://mirgenedb.org/show/mmu/Mir-1-P2; validation_source=UCSC chromInfo+chromAlias; ucsc_build=mm10; direct_matched=457; alias_matched=0; exact_precursor_sequence_match=pass; reference_records=457; compared_rows=457; exact_matches=457; source_batch=original_71
cja	White-tufted-ear marmoset	Callithrix jacchus	Mammal	444	UCSC	GCA_011100555.2_mCalJa1.2.pat.X_genomic	GCA_011100555.2	https://hgdownload.soe.ucsc.edu/hubs/GCA/011/100/555/GCA_011100555.2/GCA_011100555.2.fa.gz	https://hgdownload.soe.ucsc.edu/hubs/GCA/011/100/555/GCA_011100555.2/GCA_011100555.2.chromAlias.txt	https://mirgenedb.org/static/data/cja/cja-all.bed			strict_exact	mirgenedb_context=GCA_011100555.2_mCalJa1.2.pat.X_genomic; mirgenedb_locus=https://mirgenedb.org/show/cja/Mir-17-P1a; validation_source=UCSC GenArk chrom.sizes+chromAlias; ucsc_genark_base=https://hgdownload.soe.ucsc.edu/hubs/GCA/011/100/555/GCA_011100555.2/; direct_matched=444; alias_matched=0; exact_precursor_sequence_match=pass; reference_records=444; compared_rows=444; exact_matches=444; source_batch=original_71
laf	African bush elephant	Loxodonta africana	Mammal	376	UCSC	GCA_000001905.1_Loxafr3.0	GCA_000001905.1	https://hgdownload.soe.ucsc.edu/hubs/GCA/000/001/905/GCA_000001905.1/GCA_000001905.1.fa.gz	https://hgdownload.soe.ucsc.edu/hubs/GCA/000/001/905/GCA_000001905.1/GCA_000001905.1.chromAlias.txt	https://mirgenedb.org/static/data/laf/laf-all.bed			strict_exact	mirgenedb_context=GCA_000001905.1_Loxafr3.0; mirgenedb_locus=https://mirgenedb.org/show/laf/Mir-147-P4; validation_source=UCSC GenArk chrom.sizes+chromAlias; ucsc_genark_base=https://hgdownload.soe.ucsc.edu/hubs/GCA/000/001/905/GCA_000001905.1/; direct_matched=376; alias_matched=0; exact_precursor_sequence_match=pass; reference_records=376; compared_rows=376; exact_matches=376; source_batch=original_71
mal	Asian swamp eel	Monopterus albus	Fish	347	NCBI	GCA_001952655.1_M_albus_1.0_genomic	GCA_001952655.1	https://api.ncbi.nlm.nih.gov/datasets/v2/genome/accession/GCA_001952655.1/download?include_annotation_type=GENOME_FASTA		https://mirgenedb.org/static/data/mal/mal-all.bed			strict_exact	mirgenedb_context=GCA_001952655.1_M_albus_1.0_genomic; mirgenedb_locus=https://mirgenedb.org/show/mal/Novel-2; ncbi_assembly_name=M_albus_1.0; validation_source=NCBI assembly report; assembly_report=https://ftp.ncbi.nlm.nih.gov/genomes/all/GCA/001/952/655/GCA_001952655.1_M_albus_1.0/GCA_001952655.1_M_albus_1.0_assembly_report.txt; exact_precursor_sequence_match=pass; reference_records=347; compared_rows=347; exact_matches=347; source_batch=original_71
gmo	Cod	Gadus morhua	Fish	342	Ensembl	gadMor1	GCA_000231765.1	https://ftp.ensembl.org/pub/release-102/fasta/gadus_morhua/dna/Gadus_morhua.gadMor1.dna.toplevel.fa.gz		https://mirgenedb.org/static/data/gmo/gmo-all.bed			strict_exact	mirgenedb_context=Gadus_morhua.gadMor1.dna.toplevel; mirgenedb_locus=https://mirgenedb.org/show/gmo/Mir-133-P3-v1; exact_precursor_sequence_match=pass; reference_records=342; compared_rows=342; exact_matches=342; source_batch=original_71; genome_fasta_url_filled_from_public_archive
cpi	Western painted turtle	Chrysemys picta bellii	Reptile	303	UCSC	chrPic1	GCF_000241765.2	https://hgdownload.soe.ucsc.edu/goldenPath/chrPic1/bigZips/chrPic1.fa.gz		https://mirgenedb.org/static/data/cpi/cpi-all.bed			strict_exact	mirgenedb_context=chrPic1; mirgenedb_locus=https://mirgenedb.org/show/cpi/Mir-124-P2-v1; validation_source=UCSC chromInfo+chromAlias; ucsc_build=chrPic1; direct_matched=303; alias_matched=0; exact_precursor_sequence_match=pass; reference_records=303; compared_rows=303; exact_matches=303; source_batch=original_71
lpo	Atlantic horseshoe crab	Limulus polyphemus	Chelicerate	293	UCSC	GCF_000517525.1_Limulus_polyphemus-2.1.2_genomic	GCF_000517525.1	https://hgdownload.soe.ucsc.edu/hubs/GCF/000/517/525/GCF_000517525.1/GCF_000517525.1.fa.gz	https://hgdownload.soe.ucsc.edu/hubs/GCF/000/517/525/GCF_000517525.1/GCF_000517525.1.chromAlias.txt	https://mirgenedb.org/static/data/lpo/lpo-all.bed			strict_exact	mirgenedb_context=GCF_000517525.1_Limulus_polyphemus-2.1.2_genomic; mirgenedb_locus=https://mirgenedb.org/show/lpo/Mir-87-P2g; validation_source=UCSC GenArk chrom.sizes+chromAlias; ucsc_genark_base=https://hgdownload.soe.ucsc.edu/hubs/GCF/000/517/525/GCF_000517525.1/; direct_matched=293; alias_matched=0; exact_precursor_sequence_match=pass; reference_records=293; compared_rows=293; exact_matches=293; source_batch=original_71
gga	Chicken	Gallus gallus	Bird	286	UCSC	Gallus_gallus.GRCg6a	GCF_000002315.6	https://hgdownload.soe.ucsc.edu/goldenPath/galGal6/bigZips/galGal6.fa.gz	https://hgdownload.soe.ucsc.edu/goldenPath/galGal6/database/chromAlias.txt.gz	https://mirgenedb.org/static/data/gga/gga-all.bed			strict_exact	mirgenedb_context=Gallus_gallus.GRCg6a; mirgenedb_locus=https://mirgenedb.org/show/gga/Mir-1651; validation_source=UCSC chromInfo+chromAlias; ucsc_build=galGal6; direct_matched=0; alias_matched=286; exact_precursor_sequence_match=pass; reference_records=288; compared_rows=286; exact_matches=286; source_batch=original_71
cmi	Australian ghostshark	Callorhinchus milii	Fish	273	NCBI	GCA_000165045.2_Callorhinchus_milii-6.1.3	GCA_000165045.2	https://api.ncbi.nlm.nih.gov/datasets/v2/genome/accession/GCA_000165045.2/download?include_annotation_type=GENOME_FASTA		https://mirgenedb.org/static/data/cmi/cmi-all.bed			strict_exact	mirgenedb_context=GCA_000165045.2_Callorhinchus_milii-6.1.3; mirgenedb_locus=https://mirgenedb.org/show/cmi/Mir-128-P3; ncbi_assembly_name=Callorhinchus_milii-6.1.3; validation_source=NCBI assembly report; assembly_report=https://ftp.ncbi.nlm.nih.gov/genomes/all/GCA/000/165/045/GCA_000165045.2_Callorhinchus_milii-6.1.3/GCA_000165045.2_Callorhinchus_milii-6.1.3_assembly_report.txt; exact_precursor_sequence_match=pass; reference_records=273; compared_rows=273; exact_matches=273; source_batch=original_71
loc	Spotted gar	Lepisosteus oculatus	Fish	273	UCSC	LepOcu1	GCF_000242695.1	https://hgdownload.soe.ucsc.edu/hubs/GCF/000/242/695/GCF_000242695.1/GCF_000242695.1.fa.gz	https://hgdownload.soe.ucsc.edu/hubs/GCF/000/242/695/GCF_000242695.1/GCF_000242695.1.chromAlias.txt	https://mirgenedb.org/static/data/loc/loc-all.bed			strict_exact	mirgenedb_context=LepOcu1; mirgenedb_locus=https://mirgenedb.org/show/loc/Let-7-P2c3; validation_source=UCSC GenArk chrom.sizes+chromAlias; ucsc_genark_base=https://hgdownload.soe.ucsc.edu/hubs/GCF/000/242/695/GCF_000242695.1/; direct_matched=0; alias_matched=273; exact_precursor_sequence_match=pass; reference_records=275; compared_rows=273; exact_matches=273; source_batch=original_71
gja	Schlegels Japanese gecko	Gekko japonicus	Reptile	261	UCSC	GCF_001447785.1_Gekko_japonicus	GCF_001447785.1	https://hgdownload.soe.ucsc.edu/hubs/GCF/001/447/785/GCF_001447785.1/GCF_001447785.1.fa.gz	https://hgdownload.soe.ucsc.edu/hubs/GCF/001/447/785/GCF_001447785.1/GCF_001447785.1.chromAlias.txt	https://mirgenedb.org/static/data/gja/gja-all.bed			strict_exact	mirgenedb_context=GCF_001447785.1_Gekko_japonicus; mirgenedb_locus=https://mirgenedb.org/show/gja/Mir-124-P2-v1; validation_source=UCSC GenArk chrom.sizes+chromAlias; ucsc_genark_base=https://hgdownload.soe.ucsc.edu/hubs/GCF/001/447/785/GCF_001447785.1/; direct_matched=261; alias_matched=0; exact_precursor_sequence_match=pass; reference_records=262; compared_rows=261; exact_matches=261; source_batch=original_71
sto	Cloudy Catshark	Scyliorhinus torazame	Fish	250	NCBI	GCA_003427355_STO_add	GCA_003427355.1	https://api.ncbi.nlm.nih.gov/datasets/v2/genome/accession/GCA_003427355.1/download?include_annotation_type=GENOME_FASTA		https://mirgenedb.org/static/data/sto/sto-all.bed			strict_exact	mirgenedb_context=GCA_003427355_STO_add; mirgenedb_locus=https://mirgenedb.org/show/sto/Mir-23-P4; ncbi_assembly_name=Storazame_v1.0; validation_source=NCBI assembly report; assembly_report=https://ftp.ncbi.nlm.nih.gov/genomes/all/GCA/003/427/355/GCA_003427355.1_Storazame_v1.0/GCA_003427355.1_Storazame_v1.0_assembly_report.txt; exact_precursor_sequence_match=pass; reference_records=250; compared_rows=250; exact_matches=250; source_batch=original_71
pbv	Burmese python	Python bivittatus	Reptile	247	NCBI	GCA_000186305.2_Python_molurus_bivittatus	GCA_000186305.2	https://api.ncbi.nlm.nih.gov/datasets/v2/genome/accession/GCA_000186305.2/download?include_annotation_type=GENOME_FASTA		https://mirgenedb.org/static/data/pbv/pbv-all.bed			strict_exact	mirgenedb_context=GCA_000186305.2_Python_molurus_bivittatus; mirgenedb_locus=https://mirgenedb.org/show/pbv/Mir-153-P2; ncbi_assembly_name=Python_molurus_bivittatus-5.0.2; validation_source=NCBI assembly report; assembly_report=https://ftp.ncbi.nlm.nih.gov/genomes/all/GCA/000/186/305/GCA_000186305.2_Python_molurus_bivittatus-5.0.2/GCA_000186305.2_Python_molurus_bivittatus-5.0.2_assembly_report.txt; exact_precursor_sequence_match=pass; reference_records=247; compared_rows=247; exact_matches=247; source_batch=original_71
mun	Microcaecilia	Microcaecilia unicolor	Amphibian	244	UCSC	GCA_901765095.2_aMicUni1.2	GCA_901765095.2	https://hgdownload.soe.ucsc.edu/hubs/GCA/901/765/095/GCA_901765095.2/GCA_901765095.2.fa.gz	https://hgdownload.soe.ucsc.edu/hubs/GCA/901/765/095/GCA_901765095.2/GCA_901765095.2.chromAlias.txt	https://mirgenedb.org/static/data/mun/mun-all.bed			strict_exact	mirgenedb_context=GCA_901765095.2_aMicUni1.2; mirgenedb_locus=https://mirgenedb.org/show/mun/Let-7-P2c4; validation_source=UCSC GenArk chrom.sizes+chromAlias; ucsc_genark_base=https://hgdownload.soe.ucsc.edu/hubs/GCA/901/765/095/GCA_901765095.2/; direct_matched=244; alias_matched=0; exact_precursor_sequence_match=pass; reference_records=245; compared_rows=244; exact_matches=244; source_batch=original_71
spt	Tuatara	Sphenodon punctatus	Reptile	225	NCBI	GCA_003113815.1_ASM311381v1_TUATARA	GCA_003113815.1	https://api.ncbi.nlm.nih.gov/datasets/v2/genome/accession/GCA_003113815.1/download?include_annotation_type=GENOME_FASTA		https://mirgenedb.org/static/data/spt/spt-all.bed			strict_exact	mirgenedb_context=GCA_003113815.1_ASM311381v1_TUATARA; mirgenedb_locus=https://mirgenedb.org/show/spt/Mir-214; ncbi_assembly_name=ASM311381v1; validation_source=NCBI assembly report; assembly_report=https://ftp.ncbi.nlm.nih.gov/genomes/all/GCA/003/113/815/GCA_003113815.1_ASM311381v1/GCA_003113815.1_ASM311381v1_assembly_report.txt; exact_precursor_sequence_match=pass; reference_records=225; compared_rows=225; exact_matches=225; source_batch=original_71
bla	European lancelet	Branchiostoma lanceolatum	Lancelet	201	Ensembl Metazoa	BraLan2	GCA_900088365.1	https://ftp.ebi.ac.uk/ensemblgenomes/pub/release-45/metazoa/fasta/branchiostoma_lanceolatum/dna/Branchiostoma_lanceolatum.BraLan2.dna_sm.toplevel.fa.gz		https://mirgenedb.org/static/data/bla/bla-all.bed			strict_exact	mirgenedb_context=BraLan2; mirgenedb_locus=https://mirgenedb.org/show/bla/Mir-10-P1-v1; exact_precursor_sequence_match=pass; reference_records=202; compared_rows=201; exact_matches=201; source_batch=original_71; genome_fasta_url_filled_from_public_archive
cbr	Roundworm	Caenorhabditis briggsae	Nematode	186	UCSC	CB4	GCF_000004555.2	https://hgdownload.soe.ucsc.edu/hubs/GCF/000/004/555/GCF_000004555.2/GCF_000004555.2.fa.gz	https://hgdownload.soe.ucsc.edu/hubs/GCF/000/004/555/GCF_000004555.2/GCF_000004555.2.chromAlias.txt	https://mirgenedb.org/static/data/cbr/cbr-all.bed			strict_exact	mirgenedb_context=CB4; mirgenedb_locus=https://mirgenedb.org/show/cbr/Mir-9-P15; validation_source=UCSC GenArk chrom.sizes+chromAlias; ucsc_genark_base=https://hgdownload.soe.ucsc.edu/hubs/GCF/000/004/555/GCF_000004555.2/; direct_matched=0; alias_matched=186; exact_precursor_sequence_match=pass; reference_records=186; compared_rows=186; exact_matches=186; source_batch=original_71
ebu	Inshore hagfish	Eptatretus burgeri	Fish	181	NCBI	Eburgeri_3	GCA_900186335.2	https://api.ncbi.nlm.nih.gov/datasets/v2/genome/accession/GCA_900186335.2/download?include_annotation_type=GENOME_FASTA		https://mirgenedb.org/static/data/ebu/ebu-all.bed			strict_exact	mirgenedb_context=Eburgeri_3; mirgenedb_locus=https://mirgenedb.org/show/ebu/Mir-135-P9; ncbi_assembly_name=Eburgeri_3.2; validation_source=NCBI assembly report; assembly_report=https://ftp.ncbi.nlm.nih.gov/genomes/all/GCA/900/186/335/GCA_900186335.2_Eburgeri_3.2/GCA_900186335.2_Eburgeri_3.2_assembly_report.txt; exact_precursor_sequence_match=pass; reference_records=181; compared_rows=181; exact_matches=181; source_batch=original_71
obi	California two-spot octopus	Octopus bimaculoides	Mollusc	176	UCSC	PRJNA270931_OBI	GCF_001194135.1	https://hgdownload.soe.ucsc.edu/hubs/GCF/001/194/135/GCF_001194135.1/GCF_001194135.1.fa.gz	https://hgdownload.soe.ucsc.edu/hubs/GCF/001/194/135/GCF_001194135.1/GCF_001194135.1.chromAlias.txt	https://mirgenedb.org/static/data/obi/obi-all.bed			strict_exact	mirgenedb_context=PRJNA270931_OBI; mirgenedb_locus=https://mirgenedb.org/show/obi/Mir-12584-v1; validation_source=UCSC GenArk chrom.sizes+chromAlias; ucsc_genark_base=https://hgdownload.soe.ucsc.edu/hubs/GCF/001/194/135/GCF_001194135.1/; direct_matched=0; alias_matched=176; exact_precursor_sequence_match=pass; reference_records=176; compared_rows=176; exact_matches=176; source_batch=original_71
dme	Fruit fly	Drosophila melanogaster	Insect	161	UCSC	Drosophila_melanogaster_BDGP6	GCF_000001215.4	https://hgdownload.soe.ucsc.edu/goldenPath/dm6/bigZips/dm6.fa.gz	https://hgdownload.soe.ucsc.edu/goldenPath/dm6/database/chromAlias.txt.gz	https://mirgenedb.org/static/data/dme/dme-all.bed			strict_exact	mirgenedb_context=Drosophila_melanogaster_BDGP6; mirgenedb_locus=https://mirgenedb.org/show/dme/Mir-965; validation_source=UCSC chromInfo+chromAlias; ucsc_build=dm6; direct_matched=0; alias_matched=161; exact_precursor_sequence_match=pass; reference_records=161; compared_rows=161; exact_matches=161; source_batch=original_71
dan	Fruit fly	Drosophila ananassae	Insect	158	NCBI	Dana_caf1	GCF_000005115.1	https://api.ncbi.nlm.nih.gov/datasets/v2/genome/accession/GCF_000005115.1/download?include_annotation_type=GENOME_FASTA		https://mirgenedb.org/static/data/dan/dan-all.bed			strict_exact	mirgenedb_context=Dana_caf1; mirgenedb_locus=https://mirgenedb.org/show/dan/Mir-987; ncbi_assembly_name=dana_caf1; validation_source=NCBI assembly report; assembly_report=https://ftp.ncbi.nlm.nih.gov/genomes/all/GCF/000/005/115/GCF_000005115.1_dana_caf1/GCF_000005115.1_dana_caf1_assembly_report.txt; exact_precursor_sequence_match=pass; reference_records=158; compared_rows=158; exact_matches=158; source_batch=original_71
dya	Fruit fly	Drosophila yakuba	Insect	148	NCBI	Drosophila_yakuba.dyak_caf1.dna.toplevel	GCA_000005975.1	https://api.ncbi.nlm.nih.gov/datasets/v2/genome/accession/GCA_000005975.1/download?include_annotation_type=GENOME_FASTA		https://mirgenedb.org/static/data/dya/dya-all.bed			strict_exact	mirgenedb_context=Drosophila_yakuba.dyak_caf1.dna.toplevel; mirgenedb_locus=https://mirgenedb.org/show/dya/Mir-965; ncbi_assembly_name=dyak_caf1; validation_source=NCBI assembly report; assembly_report=https://ftp.ncbi.nlm.nih.gov/genomes/all/GCA/000/005/975/GCA_000005975.1_dyak_caf1/GCA_000005975.1_dyak_caf1_assembly_report.txt; exact_precursor_sequence_match=pass; reference_records=148; compared_rows=148; exact_matches=148; source_batch=original_71
esc	Hawaiian bobtail squid	Euprymna scolopes	Mollusc	148	NCBI	esc-GCA_024364805.1_ASM2436480v1	GCA_024364805.1	https://api.ncbi.nlm.nih.gov/datasets/v2/genome/accession/GCA_024364805.1/download?include_annotation_type=GENOME_FASTA		https://mirgenedb.org/static/data/esc/esc-all.bed			strict_exact	mirgenedb_context=esc-GCA_024364805.1_ASM2436480v1; mirgenedb_locus=https://mirgenedb.org/show/esc/Mir-33; ncbi_assembly_name=ASM2436480v1; validation_source=NCBI assembly report; assembly_report=https://ftp.ncbi.nlm.nih.gov/genomes/all/GCA/024/364/805/GCA_024364805.1_ASM2436480v1/GCA_024364805.1_ASM2436480v1_assembly_report.txt; exact_precursor_sequence_match=pass; reference_records=148; compared_rows=148; exact_matches=148; source_batch=original_71
cel	Roundworm	Caenorhabditis elegans	Nematode	145	UCSC	ce11	GCF_000002985.6	https://hgdownload.soe.ucsc.edu/goldenPath/ce11/bigZips/ce11.fa.gz	https://hgdownload.soe.ucsc.edu/goldenPath/ce11/database/chromAlias.txt.gz	https://mirgenedb.org/static/data/cel/cel-all.bed			strict_exact	mirgenedb_context=ce11; mirgenedb_locus=https://mirgenedb.org/show/cel/Bantam-P5b; validation_source=UCSC chromInfo+chromAlias; ucsc_build=ce11; direct_matched=145; alias_matched=0; exact_precursor_sequence_match=pass; reference_records=145; compared_rows=145; exact_matches=145; source_batch=original_71
bge	Cockroach	Blattella germanica	Insect	144	UCSC	Bger_2.0	GCA_000762945.2	https://hgdownload.soe.ucsc.edu/hubs/GCA/000/762/945/GCA_000762945.2/GCA_000762945.2.fa.gz	https://hgdownload.soe.ucsc.edu/hubs/GCA/000/762/945/GCA_000762945.2/GCA_000762945.2.chromAlias.txt	https://mirgenedb.org/static/data/bge/bge-all.bed			strict_exact	mirgenedb_context=Bger_2.0; mirgenedb_locus=https://mirgenedb.org/show/bge/Mir-282; validation_source=UCSC GenArk chrom.sizes+chromAlias; ucsc_genark_base=https://hgdownload.soe.ucsc.edu/hubs/GCA/000/762/945/GCA_000762945.2/; direct_matched=144; alias_matched=0; exact_precursor_sequence_match=pass; reference_records=144; compared_rows=144; exact_matches=144; source_batch=original_71
ava	Bdelloid rotifer	Adineta vaga	Rotifer	128	UCSC	GCA_021613535.1_ASM2161353v1_AVA	GCA_021613535.1	https://hgdownload.soe.ucsc.edu/hubs/GCA/021/613/535/GCA_021613535.1/GCA_021613535.1.fa.gz	https://hgdownload.soe.ucsc.edu/hubs/GCA/021/613/535/GCA_021613535.1/GCA_021613535.1.chromAlias.txt	https://mirgenedb.org/static/data/ava/ava-all.bed			strict_exact	mirgenedb_context=GCA_021613535.1_ASM2161353v1_AVA; mirgenedb_locus=https://mirgenedb.org/show/ava/Mir-219-P13; validation_source=UCSC GenArk chrom.sizes+chromAlias; ucsc_genark_base=https://hgdownload.soe.ucsc.edu/hubs/GCA/021/613/535/GCA_021613535.1/; direct_matched=128; alias_matched=0; exact_precursor_sequence_match=pass; reference_records=128; compared_rows=128; exact_matches=128; source_batch=original_71
pdu	Dumerils clam worm	Platynereis dumerilii	Annelid	123	NCBI	GCA_026936325.1_EMBL_pdum_1.0	GCA_026936325.1	https://api.ncbi.nlm.nih.gov/datasets/v2/genome/accession/GCA_026936325.1/download?include_annotation_type=GENOME_FASTA		https://mirgenedb.org/static/data/pdu/pdu-all.bed			strict_exact	mirgenedb_context=GCA_026936325.1_EMBL_pdum_1.0; mirgenedb_locus=https://mirgenedb.org/show/pdu/Mir-7; ncbi_assembly_name=EMBL_pdum_1.0; validation_source=NCBI assembly report; assembly_report=https://ftp.ncbi.nlm.nih.gov/genomes/all/GCA/026/936/325/GCA_026936325.1_EMBL_pdum_1.0/GCA_026936325.1_EMBL_pdum_1.0_assembly_report.txt; exact_precursor_sequence_match=pass; reference_records=123; compared_rows=123; exact_matches=123; source_batch=original_71
aga	African malaria mosquito	Anopheles gambiae	Insect	114	UCSC	GCF_943734735.2_idAnoGambNW_F1_1_genomic	GCF_943734735.2	https://hgdownload.soe.ucsc.edu/hubs/GCF/943/734/735/GCF_943734735.2/GCF_943734735.2.fa.gz	https://hgdownload.soe.ucsc.edu/hubs/GCF/943/734/735/GCF_943734735.2/GCF_943734735.2.chromAlias.txt	https://mirgenedb.org/static/data/aga/aga-all.bed			strict_exact	mirgenedb_context=GCF_943734735.2_idAnoGambNW_F1_1_genomic; mirgenedb_locus=https://mirgenedb.org/show/aga/Mir-970; validation_source=UCSC GenArk chrom.sizes+chromAlias; ucsc_genark_base=https://hgdownload.soe.ucsc.edu/hubs/GCF/943/734/735/GCF_943734735.2/; direct_matched=114; alias_matched=0; exact_precursor_sequence_match=pass; reference_records=114; compared_rows=114; exact_matches=114; source_batch=original_71
sme	Freshwater planarian	Schmidtea mediterranea	Flatworm	109	NCBI	Sme_GCA_002600895.1_ASM260089v1_alt	GCA_002600895.1	https://api.ncbi.nlm.nih.gov/datasets/v2/genome/accession/GCA_002600895.1/download?include_annotation_type=GENOME_FASTA		https://mirgenedb.org/static/data/sme/sme-all.bed			strict_exact	mirgenedb_context=Sme_GCA_002600895.1_ASM260089v1_alt; mirgenedb_locus=https://mirgenedb.org/show/sme/Mir-10-P1s; ncbi_assembly_name=ASM260089v1; validation_source=NCBI assembly report; assembly_report=https://ftp.ncbi.nlm.nih.gov/genomes/all/GCA/002/600/895/GCA_002600895.1_ASM260089v1/GCA_002600895.1_ASM260089v1_assembly_report.txt; exact_precursor_sequence_match=pass; reference_records=109; compared_rows=109; exact_matches=109; source_batch=original_71
cin	Sea Squirt	Ciona intestinalis	Tunicate	107	UCSC	ci3	GCF_000224145.1	https://hgdownload.soe.ucsc.edu/goldenPath/ci3/bigZips/ci3.fa.gz	https://hgdownload.soe.ucsc.edu/goldenPath/ci3/database/chromAlias.txt.gz	https://mirgenedb.org/static/data/cin/cin-all.bed			strict_exact	mirgenedb_context=ci3; mirgenedb_locus=https://mirgenedb.org/show/cin/Mir-7; validation_source=UCSC chromInfo+chromAlias; ucsc_build=ci3; direct_matched=0; alias_matched=107; exact_precursor_sequence_match=pass; reference_records=107; compared_rows=107; exact_matches=107; source_batch=original_71
lan	Lingula	Lingula anatina	Brachiopod	106	NCBI	LinAna_1.0	GCF_001039355.1	https://api.ncbi.nlm.nih.gov/datasets/v2/genome/accession/GCF_001039355.1/download?include_annotation_type=GENOME_FASTA		https://mirgenedb.org/static/data/lan/lan-all.bed			strict_exact	mirgenedb_context=LinAna_1.0; mirgenedb_locus=https://mirgenedb.org/show/lan/Mir-193-P1q; assembly_accession_inferred_from_prior_audit; ncbi_assembly_name=LinAna1.0; validation_source=NCBI assembly report; assembly_report=https://ftp.ncbi.nlm.nih.gov/genomes/all/GCF/001/039/355/GCF_001039355.1_LinAna1.0/GCF_001039355.1_LinAna1.0_assembly_report.txt; exact_precursor_sequence_match=pass; reference_records=106; compared_rows=106; exact_matches=106; source_batch=original_71
dlo	Braconid wasp	Diachasmimorpha longicaudata	Insect	104	UCSC	GCF_034640455.1_iyDiaLong2_genomic	GCF_034640455.1	https://hgdownload.soe.ucsc.edu/hubs/GCF/034/640/455/GCF_034640455.1/GCF_034640455.1.fa.gz	https://hgdownload.soe.ucsc.edu/hubs/GCF/034/640/455/GCF_034640455.1/GCF_034640455.1.chromAlias.txt	https://mirgenedb.org/static/data/dlo/dlo-all.bed			strict_exact	mirgenedb_context=GCF_034640455.1_iyDiaLong2_genomic; mirgenedb_locus=https://mirgenedb.org/show/dlo/Mir-2001-v1; validation_source=UCSC GenArk chrom.sizes+chromAlias; ucsc_genark_base=https://hgdownload.soe.ucsc.edu/hubs/GCF/034/640/455/GCF_034640455.1/; direct_matched=104; alias_matched=0; exact_precursor_sequence_match=pass; reference_records=104; compared_rows=104; exact_matches=104; source_batch=original_71
ofu	Tubeworm	Owenia fusiformis	annelid	98	NCBI	GCA_903813345.2_Owenia	GCA_903813345.2	https://api.ncbi.nlm.nih.gov/datasets/v2/genome/accession/GCA_903813345.2/download?include_annotation_type=GENOME_FASTA		https://mirgenedb.org/static/data/ofu/ofu-all.bed			strict_exact	mirgenedb_context=GCA_903813345.2_Owenia; show_url=https://mirgenedb.org/show/ofu/Mir-31; context_coord=CAIIXF020000001.1: 6375565-6375625 [-]; exact_precursor_sequence_match=pass; reference_records=98; compared_rows=98; exact_matches=98; source_batch=missing_accession
pve	Vernerds tusk shell	Pictodentalium vernedei	mollusc	97	NCBI	Pve_genome_chr_only	GCA_031216915.1	https://api.ncbi.nlm.nih.gov/datasets/v2/genome/accession/GCA_031216915.1/download?include_annotation_type=GENOME_FASTA		https://mirgenedb.org/static/data/pve/pve-all.bed			strict_exact	mirgenedb_context=Pve_genome_chr_only; show_url=https://mirgenedb.org/show/pve/Mir-375; exact_precursor_sequence_match=pass; reference_records=97; compared_rows=97; exact_matches=97; source_batch=plausible_ncbi
llo	Bootlace worm	Lineus longissimus	nemertean	95	NCBI	GCA_910592395.2_tnLinLong1	GCA_910592395.2	https://api.ncbi.nlm.nih.gov/datasets/v2/genome/accession/GCA_910592395.2/download?include_annotation_type=GENOME_FASTA		https://mirgenedb.org/static/data/llo/llo-all.bed			strict_exact	mirgenedb_context=GCA_910592395.2_tnLinLong1; show_url=https://mirgenedb.org/show/llo/Bantam; context_coord=OU342992.1: 20295277-20295339 [-] Ensembl; exact_precursor_sequence_match=pass; reference_records=95; compared_rows=95; exact_matches=95; source_batch=missing_accession
pfl	Ptychodera	Ptychodera flava	hemichordate	86	NCBI	Pfl	GCA_001465055.1	https://api.ncbi.nlm.nih.gov/datasets/v2/genome/accession/GCA_001465055.1/download?include_annotation_type=GENOME_FASTA		https://mirgenedb.org/static/data/pfl/pfl-all.bed			strict_exact	mirgenedb_context=Pfl; show_url=https://mirgenedb.org/show/pfl/Mir-8; exact_precursor_sequence_match=pass; reference_records=86; compared_rows=86; exact_matches=86; source_batch=plausible_ncbi
agr	West Indian fuzzy chiton	Acanthopleura granulata	mollusc	83	NCBI	GCA_016165875.1_ASM1616587v1_Acanthopleura_granulata	GCA_016165875.1	https://api.ncbi.nlm.nih.gov/datasets/v2/genome/accession/GCA_016165875.1/download?include_annotation_type=GENOME_FASTA		https://mirgenedb.org/static/data/agr/agr-all.bed			strict_exact	mirgenedb_context=GCA_016165875.1_ASM1616587v1_Acanthopleura_granulata; show_url=https://mirgenedb.org/show/agr/Mir-1986; context_coord=JABBOT010000001.1: 14813799-14813856 [-] Ensembl; exact_precursor_sequence_match=pass; reference_records=83; compared_rows=83; exact_matches=83; source_batch=missing_accession
mom	Mossy chiton	Mopalia muscosa	mollusc	83	NCBI	GCA_031763545.1_ASM3176354v1_genomic_Mom	GCA_031763545.1	https://api.ncbi.nlm.nih.gov/datasets/v2/genome/accession/GCA_031763545.1/download?include_annotation_type=GENOME_FASTA		https://mirgenedb.org/static/data/mom/mom-all.bed			strict_exact	mirgenedb_context=GCA_031763545.1_ASM3176354v1_genomic_Mom; show_url=https://mirgenedb.org/show/mom/Mir-1986; context_coord=JARFOD010000001.1: 446832-446889 [-] Ensembl; exact_precursor_sequence_match=pass; reference_records=83; compared_rows=83; exact_matches=83; source_batch=missing_accession
snu	Peanut worm	Sipunculus nudus	sipunculan	83	NCBI	GCA_026874595.1_ASM2687459v1_Sipunculus_nudus	GCA_026874595.1	https://api.ncbi.nlm.nih.gov/datasets/v2/genome/accession/GCA_026874595.1/download?include_annotation_type=GENOME_FASTA		https://mirgenedb.org/static/data/snu/snu-all.bed			strict_exact	mirgenedb_context=GCA_026874595.1_ASM2687459v1_Sipunculus_nudus; show_url=https://mirgenedb.org/show/snu/Mir-242; context_coord=CM049306.1: 6216699-6216755 [-]; exact_precursor_sequence_match=pass; reference_records=83; compared_rows=83; exact_matches=83; source_batch=missing_accession
dgr	Dimorphilus gyrociliatus	Dimorphilus gyrociliatus	annelid	78	NCBI	GCA_904063045.1_Dgyrociliatus	GCA_904063045.1	https://api.ncbi.nlm.nih.gov/datasets/v2/genome/accession/GCA_904063045.1/download?include_annotation_type=GENOME_FASTA		https://mirgenedb.org/static/data/dgr/dgr-all.bed			strict_exact	mirgenedb_context=GCA_904063045.1_Dgyrociliatus; show_url=https://mirgenedb.org/show/dgr/Mir-153; context_coord=CAJFCJ010000001.1: 277089-277148 [+]; exact_precursor_sequence_match=pass; reference_records=78; compared_rows=78; exact_matches=78; source_batch=missing_accession
npo	Chambered Nautilus	Nautilus pompilius	mollusc	78	NCBI	GCA_018389105_NPO	GCA_018389105.1	https://api.ncbi.nlm.nih.gov/datasets/v2/genome/accession/GCA_018389105.1/download?include_annotation_type=GENOME_FASTA		https://mirgenedb.org/static/data/npo/npo-all.bed			strict_exact	mirgenedb_context=GCA_018389105_NPO; show_url=https://mirgenedb.org/show/npo/Mir-71; exact_precursor_sequence_match=pass; reference_records=78; compared_rows=78; exact_matches=78; source_batch=unversioned_accession
pca	Penis worm	Priapulus caudatus	priapulid	78	NCBI	Priapulus_caudatus_gca000485595v2	GCA_000485595.2	https://api.ncbi.nlm.nih.gov/datasets/v2/genome/accession/GCA_000485595.2/download?include_annotation_type=GENOME_FASTA		https://mirgenedb.org/static/data/pca/pca-all.bed			strict_exact	mirgenedb_context=Priapulus_caudatus_gca000485595v2; show_url=https://mirgenedb.org/show/pca/Mir-242; exact_precursor_sequence_match=pass; reference_records=78; compared_rows=78; exact_matches=78; source_batch=plausible_ncbi
sko	Saccoglossus	Saccoglossus kowalevskii	hemichordate	78	NCBI	Skow_1.1	GCF_000003605.2	https://api.ncbi.nlm.nih.gov/datasets/v2/genome/accession/GCF_000003605.2/download?include_annotation_type=GENOME_FASTA		https://mirgenedb.org/static/data/sko/sko-all.bed			strict_exact	mirgenedb_context=Skow_1.1; show_url=https://mirgenedb.org/show/sko/Mir-4829-P3; exact_precursor_sequence_match=pass; reference_records=78; compared_rows=78; exact_matches=78; source_batch=ncbi_search
pau	Horseshoe worm	Phoronis australis	phoronid	73	NCBI	Phoronis_australis_GCA_002633005	GCA_002633005.1	https://api.ncbi.nlm.nih.gov/datasets/v2/genome/accession/GCA_002633005.1/download?include_annotation_type=GENOME_FASTA		https://mirgenedb.org/static/data/pau/pau-all.bed			strict_exact	mirgenedb_context=Phoronis_australis_GCA_002633005; show_url=https://mirgenedb.org/show/pau/Mir-190; exact_precursor_sequence_match=pass; reference_records=73; compared_rows=73; exact_matches=73; source_batch=unversioned_accession
war	Wirenia (Solenogaster)	Wirenia argentea	mollusc	72	NCBI	GCA_025802215.1_ASM2580221v1_Wirenia	GCA_025802215.1	https://api.ncbi.nlm.nih.gov/datasets/v2/genome/accession/GCA_025802215.1/download?include_annotation_type=GENOME_FASTA		https://mirgenedb.org/static/data/war/war-all.bed			strict_exact	mirgenedb_context=GCA_025802215.1_ASM2580221v1_Wirenia; show_url=https://mirgenedb.org/show/war/Mir-279-P15; context_coord=WNLI01001976.1: 3385-3443 [-] Ensembl; exact_precursor_sequence_match=pass; reference_records=72; compared_rows=72; exact_matches=72; source_batch=missing_accession
pcr	Tiger flatworm	Prostheceraeus crozieri	flatworm	71	NCBI	GCA_907163375.1_PROCRO_GENOME_genomic	GCA_907163375.1	https://api.ncbi.nlm.nih.gov/datasets/v2/genome/accession/GCA_907163375.1/download?include_annotation_type=GENOME_FASTA		https://mirgenedb.org/static/data/pcr/pcr-all.bed			strict_exact	mirgenedb_context=GCA_907163375.1_PROCRO_GENOME_genomic; show_url=https://mirgenedb.org/show/pcr/Mir-315; context_coord=CAJQUW010000083.1: 69838-69892 [+] Ensembl; exact_precursor_sequence_match=pass; reference_records=71; compared_rows=71; exact_matches=71; source_batch=missing_accession
eba	Epimenia (Solenogaster)	Epimenia babai	mollusc	64	NCBI	GCA_011762755.2_ASM1176275v2_Epimenia	GCA_011762755.2	https://api.ncbi.nlm.nih.gov/datasets/v2/genome/accession/GCA_011762755.2/download?include_annotation_type=GENOME_FASTA		https://mirgenedb.org/static/data/eba/eba-all.bed			strict_exact	mirgenedb_context=GCA_011762755.2_ASM1176275v2_Epimenia; show_url=https://mirgenedb.org/show/eba/Mir-1990-P1; context_coord=WURV02000011.1: 17965-18024 [+] Ensembl; exact_precursor_sequence_match=pass; reference_records=64; compared_rows=64; exact_matches=64; source_batch=missing_accession
isc	Deer tick	Ixodes scapularis	chelicerate	64	NCBI	GCF_016920785.2_ASM1692078v2_ISC	GCF_016920785.2	https://api.ncbi.nlm.nih.gov/datasets/v2/genome/accession/GCF_016920785.2/download?include_annotation_type=GENOME_FASTA		https://mirgenedb.org/static/data/isc/isc-all.bed			strict_exact	mirgenedb_context=GCF_016920785.2_ASM1692078v2_ISC; show_url=https://mirgenedb.org/show/isc/Mir-305; context_coord=NW_024609835.1: 9524414-9524478 [-] Ensembl; exact_precursor_sequence_match=pass; reference_records=64; compared_rows=64; exact_matches=64; source_batch=missing_accession
bko	Monogonont Rotifer 2	Brachionus koreanus	rotifer	61	NCBI	Brachionus_koreanusGCA_016987375.1_Bk_v0.5.4_genomic	GCA_016987375.1	https://api.ncbi.nlm.nih.gov/datasets/v2/genome/accession/GCA_016987375.1/download?include_annotation_type=GENOME_FASTA		https://mirgenedb.org/static/data/bko/bko-all.bed			strict_exact	mirgenedb_context=Brachionus_koreanusGCA_016987375.1_Bk_v0.5.4_genomic; show_url=https://mirgenedb.org/show/bko/Mir-279-o1; context_coord=PJRA01000005.1: 3913347-3913411 [-] Ensembl; exact_precursor_sequence_match=pass; reference_records=61; compared_rows=61; exact_matches=61; source_batch=missing_accession
pmi	Bat starfish	Patiria miniata	echinoderm	59	NCBI	Pmin1	GCA_000285935.1	https://api.ncbi.nlm.nih.gov/datasets/v2/genome/accession/GCA_000285935.1/download?include_annotation_type=GENOME_FASTA		https://mirgenedb.org/static/data/pmi/pmi-all.bed			strict_exact	mirgenedb_context=Pmin1; show_url=https://mirgenedb.org/show/pmi/Mir-2009; exact_precursor_sequence_match=pass; reference_records=59; compared_rows=59; exact_matches=59; source_batch=plausible_ncbi
spu	Purple sea urchin	Strongylocentrotus purpuratus	echinoderm	59	NCBI	Spur_5.0	GCF_000002235.5	https://api.ncbi.nlm.nih.gov/datasets/v2/genome/accession/GCF_000002235.5/download?include_annotation_type=GENOME_FASTA		https://mirgenedb.org/static/data/spu/spu-all.bed			strict_exact	mirgenedb_context=Spur_5.0; show_url=https://mirgenedb.org/show/spu/Mir-10-P2m; exact_precursor_sequence_match=pass; reference_records=59; compared_rows=59; exact_matches=59; source_batch=ncbi_search
bpl	Monogonont Rotifer 1	Brachionus plicatilis	rotifer	54	NCBI	Bpl_ASM1027981	GCA_010279815.1	https://api.ncbi.nlm.nih.gov/datasets/v2/genome/accession/GCA_010279815.1/download?include_annotation_type=GENOME_FASTA		https://mirgenedb.org/static/data/bpl/bpl-all.bed			strict_exact	mirgenedb_context=Bpl_ASM1027981; show_url=https://mirgenedb.org/show/bpl/Mir-12600; exact_precursor_sequence_match=pass; reference_records=54; compared_rows=54; exact_matches=54; source_batch=plausible_ncbi
egr	Hydatid worm	Echinococcus granulosus	flatworm	52	NCBI	GCA_000524195.1_ASM52419v1_Egranulosus	GCA_000524195.1	https://api.ncbi.nlm.nih.gov/datasets/v2/genome/accession/GCA_000524195.1/download?include_annotation_type=GENOME_FASTA		https://mirgenedb.org/static/data/egr/egr-all.bed			strict_exact	mirgenedb_context=GCA_000524195.1_ASM52419v1_Egranulosus; show_url=https://mirgenedb.org/show/egr/Mir-10-P1; context_coord=APAU02000001.1: 92728-92805 [+] UCSC Ensembl; exact_precursor_sequence_match=pass; reference_records=52; compared_rows=52; exact_matches=52; source_batch=missing_accession
sma	Blood fluke	Schistosoma mansoni	flatworm	47	NCBI	GCA_000237925.5_SM_V9_genomic	GCA_000237925.5	https://api.ncbi.nlm.nih.gov/datasets/v2/genome/accession/GCA_000237925.5/download?include_annotation_type=GENOME_FASTA		https://mirgenedb.org/static/data/sma/sma-all.bed			strict_exact	mirgenedb_context=GCA_000237925.5_SM_V9_genomic; show_url=https://mirgenedb.org/show/sma/Mir-219; context_coord=HE601624.3: 9217024-9217120 [-] UCSC Ensembl; exact_precursor_sequence_match=pass; reference_records=47; compared_rows=47; exact_matches=47; source_batch=missing_accession
gsa	Russian doll killer	Gyrodactylus salaris	flatworm	46	NCBI	gyrodactylus_salaris.PRJNA244375.WBPS19.genomic	GCA_000715275.1	https://api.ncbi.nlm.nih.gov/datasets/v2/genome/accession/GCA_000715275.1/download?include_annotation_type=GENOME_FASTA		https://mirgenedb.org/static/data/gsa/gsa-all.bed			strict_exact	mirgenedb_context=gyrodactylus_salaris.PRJNA244375.WBPS19.genomic; show_url=https://mirgenedb.org/show/gsa/Mir-278; exact_precursor_sequence_match=pass; reference_records=46; compared_rows=46; exact_matches=46; source_batch=ncbi_search
sro	Roscoff worm	Symsagittifera roscoffensis	flatworm	39	NCBI	GCA_025153585.1_SymRos_1_5_genomic	GCA_025153585.1	https://api.ncbi.nlm.nih.gov/datasets/v2/genome/accession/GCA_025153585.1/download?include_annotation_type=GENOME_FASTA		https://mirgenedb.org/static/data/sro/sro-all.bed			strict_exact	mirgenedb_context=GCA_025153585.1_SymRos_1_5_genomic; show_url=https://mirgenedb.org/show/sro/Mir-1; context_coord=JANVAR010000106.1: 320426-320494 [+] UCSC Ensembl; exact_precursor_sequence_match=pass; reference_records=39; compared_rows=39; exact_matches=39; source_batch=missing_accession
asp	Deep-sea anemone	Actinernus sp.	cnidarian	31	NCBI	GCA_030867875.1_CUHK_Acti_1.0_genomic	GCA_030867875.1	https://api.ncbi.nlm.nih.gov/datasets/v2/genome/accession/GCA_030867875.1/download?include_annotation_type=GENOME_FASTA		https://mirgenedb.org/static/data/asp/asp-all.bed			strict_exact	mirgenedb_context=GCA_030867875.1_CUHK_Acti_1.0_genomic; show_url=https://mirgenedb.org/show/asp/Novel-6; context_coord=JAOWCC010000019.1: 4251850-4251901 [+] Ensembl; exact_precursor_sequence_match=pass; reference_records=31; compared_rows=31; exact_matches=31; source_batch=missing_accession
nve	Starlet sea anemone	Nematostella vectensis	cnidarian	30	NCBI	GCF_000209225.1_ASM20922v1_NVE	GCF_000209225.1	https://api.ncbi.nlm.nih.gov/datasets/v2/genome/accession/GCF_000209225.1/download?include_annotation_type=GENOME_FASTA		https://mirgenedb.org/static/data/nve/nve-all.bed			strict_exact	mirgenedb_context=GCF_000209225.1_ASM20922v1_NVE; show_url=https://mirgenedb.org/show/nve/Mir-9442-P2; context_coord=NW_001827556.1: 3485-3533 [-] Ensembl; exact_precursor_sequence_match=pass; reference_records=30; compared_rows=30; exact_matches=30; source_batch=missing_accession
gsp	Montseny horsehair worm	Gordionus sp.	nematomorph	27	NCBI	GCA_954871325.1_tfGorGonz1-WG_genomic	GCA_954871325.1	https://api.ncbi.nlm.nih.gov/datasets/v2/genome/accession/GCA_954871325.1/download?include_annotation_type=GENOME_FASTA		https://mirgenedb.org/static/data/gsp/gsp-all.bed			strict_exact	mirgenedb_context=GCA_954871325.1_tfGorGonz1-WG_genomic; show_url=https://mirgenedb.org/show/gsp/Mir-33; context_coord=OX940783.1: 6497610-6497676 [+]; exact_precursor_sequence_match=pass; reference_records=27; compared_rows=27; exact_matches=27; source_batch=missing_accession
hmi	Panther worm	Hofstenia miamia	flatworm	27	NCBI	Hofstenia_miamia.HmiaM1.dna.nonchromosomal	GCA_004352715.1	https://api.ncbi.nlm.nih.gov/datasets/v2/genome/accession/GCA_004352715.1/download?include_annotation_type=GENOME_FASTA		https://mirgenedb.org/static/data/hmi/hmi-all.bed			strict_exact	mirgenedb_context=Hofstenia_miamia.HmiaM1.dna.nonchromosomal; show_url=https://mirgenedb.org/show/hmi/Mir-252-P1; exact_precursor_sequence_match=pass; reference_records=27; compared_rows=27; exact_matches=27; source_batch=plausible_ncbi
hvu	Freshwater-polyp	Hydra vulgaris	cnidarian	26	NHGRI Hydra portal	Hm105_1.0		https://research.nhgri.nih.gov/hydra/download/assembly/Hm105_Dovetail_Assembly_1.0.fa.gz		https://mirgenedb.org/static/data/hvu/hvu-all.bed			strict_exact	mirgenedb_context=Hm105_1.0; show_url=https://mirgenedb.org/show/hvu/Mir-3010; exact_precursor_sequence_match=pass; reference_records=26; compared_rows=26; exact_matches=26; source_batch=hvu_hydra_clean
adi	Stony coral	Acropora digitifera	cnidarian	24	NCBI	GCA_000222465.2_Adig_1.1_genomic	GCA_000222465.2	https://api.ncbi.nlm.nih.gov/datasets/v2/genome/accession/GCA_000222465.2/download?include_annotation_type=GENOME_FASTA		https://mirgenedb.org/static/data/adi/adi-all.bed			strict_exact	mirgenedb_context=GCA_000222465.2_Adig_1.1_genomic; show_url=https://mirgenedb.org/show/adi/Mir-2030; context_coord=DF970696.1: 672030-672081 [-] Ensembl; exact_precursor_sequence_match=pass; reference_records=24; compared_rows=24; exact_matches=24; source_batch=missing_accession
ple	Thorny-headed worm 2	Pomphorhynchus laevis	acanthocephalan	12	NCBI	GCA_012934845.2_ASM1293484v2_PLE_genomic	GCA_012934845.2	https://api.ncbi.nlm.nih.gov/datasets/v2/genome/accession/GCA_012934845.2/download?include_annotation_type=GENOME_FASTA		https://mirgenedb.org/static/data/ple/ple-all.bed			strict_exact	mirgenedb_context=GCA_012934845.2_ASM1293484v2_PLE_genomic; show_url=https://mirgenedb.org/show/ple/Novel-1; context_coord=WNNJ02000321.1: 75404-75541 [-] Ensembl; exact_precursor_sequence_match=pass; reference_records=12; compared_rows=12; exact_matches=12; source_batch=missing_accession
aqu	Amphimedon	Amphimedon queenslandica	sponge	9	NCBI	GCF_000090795.1_v1.0_SPONGE	GCF_000090795.1	https://api.ncbi.nlm.nih.gov/datasets/v2/genome/accession/GCF_000090795.1/download?include_annotation_type=GENOME_FASTA		https://mirgenedb.org/static/data/aqu/aqu-all.bed			strict_exact	mirgenedb_context=GCF_000090795.1_v1.0_SPONGE; show_url=https://mirgenedb.org/show/aqu/Mir-2014-P3; context_coord=NW_003546250.1: 89373-89486 [-] Ensembl; exact_precursor_sequence_match=pass; reference_records=9; compared_rows=9; exact_matches=9; source_batch=missing_accession
emu	Muellers freshwater sponge	Ephydatia muelleri	sponge	7	NCBI	GCA_013339895_Emu	GCA_013339895.1	https://api.ncbi.nlm.nih.gov/datasets/v2/genome/accession/GCA_013339895.1/download?include_annotation_type=GENOME_FASTA		https://mirgenedb.org/static/data/emu/emu-all.bed			strict_exact	mirgenedb_context=GCA_013339895_Emu; show_url=https://mirgenedb.org/show/emu/Mir-2015; exact_precursor_sequence_match=pass; reference_records=7; compared_rows=7; exact_matches=7; source_batch=unversioned_accession
